osd,source_name,sample_name,organism,material_type,measurement_types,technology_types,device_platforms,data_files
OSD-48,RR1_BSL_M4,Mmus_C57-6J_LVR_BSL_C_Rep1_M4,Mus musculus,Liver,Molecular Cellular Imaging | Protein Expression Profiling,Mass Spectrometry | Microscopy,Orbitrap Fusion(Thermo Scientific) | pannoramic scan (3d histech),LSDS-2_Histology_ORO.tar.gz | LSDS-2_Histology_HE.tar.gz
OSD-48,RR1_BSL_M5,Mmus_C57-6J_LVR_BSL_C_Rep2_M5,Mus musculus,Liver,Molecular Cellular Imaging | Protein Expression Profiling,Mass Spectrometry | Microscopy,Orbitrap Fusion(Thermo Scientific) | pannoramic scan (3d histech),LSDS-2_Histology_ORO.tar.gz | LSDS-2_Histology_HE.tar.gz
OSD-48,RR1_BSL_M7,Mmus_C57-6J_LVR_BSL_C_Rep3_M7,Mus musculus,Liver,Molecular Cellular Imaging | Protein Expression Profiling,Mass Spectrometry | Microscopy,Orbitrap Fusion(Thermo Scientific) | pannoramic scan (3d histech),LSDS-2_Histology_ORO.tar.gz | LSDS-2_Histology_HE.tar.gz
OSD-48,RR1_BSL_M8,Mmus_C57-6J_LVR_BSL_C_Rep4_M8,Mus musculus,Liver,Molecular Cellular Imaging | Protein Expression Profiling,Mass Spectrometry | Microscopy,Orbitrap Fusion(Thermo Scientific) | pannoramic scan (3d histech),LSDS-2_Histology_ORO.tar.gz | LSDS-2_Histology_HE.tar.gz
OSD-48,RR1_BSL_M10,Mmus_C57-6J_LVR_BSL_C_Rep5_M10,Mus musculus,Liver,Molecular Cellular Imaging | Protein Expression Profiling,Mass Spectrometry | Microscopy,Orbitrap Fusion(Thermo Scientific) | pannoramic scan (3d histech),LSDS-2_Histology_ORO.tar.gz | LSDS-2_Histology_HE.tar.gz
OSD-48,RR1_VIV_M16,Mmus_C57-6J_LVR_VIV_C_Rep1_M16,Mus musculus,Liver,Molecular Cellular Imaging | Protein Expression Profiling,Mass Spectrometry | Microscopy,Orbitrap Fusion(Thermo Scientific) | pannoramic scan (3d histech),LSDS-2_Histology_ORO.tar.gz | LSDS-2_Histology_HE.tar.gz
OSD-48,RR1_VIV_M17,Mmus_C57-6J_LVR_VIV_C_Rep2_M17,Mus musculus,Liver,Molecular Cellular Imaging | Protein Expression Profiling,Mass Spectrometry | Microscopy,Orbitrap Fusion(Thermo Scientific) | pannoramic scan (3d histech),LSDS-2_Histology_ORO.tar.gz | LSDS-2_Histology_HE.tar.gz
OSD-48,RR1_VIV_M18,Mmus_C57-6J_LVR_VIV_C_Rep3_M18,Mus musculus,Liver,Molecular Cellular Imaging | Protein Expression Profiling,Mass Spectrometry | Microscopy,Orbitrap Fusion(Thermo Scientific) | pannoramic scan (3d histech),LSDS-2_Histology_ORO.tar.gz | LSDS-2_Histology_HE.tar.gz
OSD-48,RR1_VIV_M19,Mmus_C57-6J_LVR_VIV_C_Rep4_M19,Mus musculus,Liver,Molecular Cellular Imaging | Protein Expression Profiling,Mass Spectrometry | Microscopy,Orbitrap Fusion(Thermo Scientific) | pannoramic scan (3d histech),LSDS-2_Histology_ORO.tar.gz | LSDS-2_Histology_HE.tar.gz
OSD-48,RR1_VIV_M20,Mmus_C57-6J_LVR_VIV_C_Rep5_M20,Mus musculus,Liver,Molecular Cellular Imaging | Protein Expression Profiling,Mass Spectrometry | Microscopy,Orbitrap Fusion(Thermo Scientific) | pannoramic scan (3d histech),LSDS-2_Histology_ORO.tar.gz | LSDS-2_Histology_HE.tar.gz
OSD-48,RR1_FLT_M21,Mmus_C57-6J_LVR_FLT_I_Rep1_M21,Mus musculus,Liver,Dna Methylation Profiling | Molecular Cellular Imaging | Protein Expression Profiling | RNA-Seq,Mass Spectrometry | Microscopy | Rna Sequencing (Rna Seq) | Whole Genome Bisulfite Sequencing,Illumina | Orbitrap Fusion(Thermo Scientific) | pannoramic scan (3d histech),GLDS-48_rna-seq_N-FLT-21_.tar.gz | GLDS-48_wgbs_N-FLT-21-wgbs.tar.gz | LSDS-2_Histology_ORO.tar.gz | LSDS-2_Histology_HE.tar.gz
OSD-48,RR1_FLT_M22,Mmus_C57-6J_LVR_FLT_I_Rep2_M22,Mus musculus,Liver,Dna Methylation Profiling | Molecular Cellular Imaging | Protein Expression Profiling | RNA-Seq,Mass Spectrometry | Microscopy | Rna Sequencing (Rna Seq) | Whole Genome Bisulfite Sequencing,Illumina | Orbitrap Fusion(Thermo Scientific) | pannoramic scan (3d histech),GLDS-48_rna-seq_N-FLT-22_.tar.gz | GLDS-48_wgbs_N-FLT-22-wgbs.tar.gz | LSDS-2_Histology_ORO.tar.gz | LSDS-2_Histology_HE.tar.gz
OSD-48,RR1_FLT_M25,Mmus_C57-6J_LVR_FLT_C_Rep1_M25,Mus musculus,Liver,Dna Methylation Profiling | Molecular Cellular Imaging | Protein Expression Profiling | RNA-Seq | Rna Methylation Profiling,Mass Spectrometry | Microscopy | Rna Sequencing (Rna Seq) | Whole Genome Bisulfite Sequencing | Whole Transcriptome Bisulfite Sequencing,Illumina | Orbitrap Fusion(Thermo Scientific) | pannoramic scan (3d histech),GLDS-48_rna-seq_N-FLT-25.tar.gz | GLDS-48_wgbs_N-FLT-25-wgbs.tar.gz | GLDS-48_wtbs_N37_ACTTGA_L004_R1_001.fastq.gz | LSDS-2_Histology_ORO.tar.gz | LSDS-2_Histology_HE.tar.gz
OSD-48,RR1_FLT_M26,Mmus_C57-6J_LVR_FLT_C_Rep2_M26,Mus musculus,Liver,Dna Methylation Profiling | Molecular Cellular Imaging | Protein Expression Profiling | RNA-Seq | Rna Methylation Profiling,Mass Spectrometry | Microscopy | Rna Sequencing (Rna Seq) | Whole Genome Bisulfite Sequencing | Whole Transcriptome Bisulfite Sequencing,Illumina | Orbitrap Fusion(Thermo Scientific) | pannoramic scan (3d histech),GLDS-48_rna-seq_N-FLT-26.tar.gz | GLDS-48_wgbs_N-FLT-26-wgbs.tar.gz | GLDS-48_wtbs_N38_S37_R1_001.fastq.gz | LSDS-2_Histology_ORO.tar.gz | LSDS-2_Histology_HE.tar.gz
OSD-48,RR1_FLT_M27,Mmus_C57-6J_LVR_FLT_C_Rep3_M27,Mus musculus,Liver,Dna Methylation Profiling | Molecular Cellular Imaging | Protein Expression Profiling | RNA-Seq | Rna Methylation Profiling,Mass Spectrometry | Microscopy | Rna Sequencing (Rna Seq) | Whole Genome Bisulfite Sequencing | Whole Transcriptome Bisulfite Sequencing,Illumina | Orbitrap Fusion(Thermo Scientific) | pannoramic scan (3d histech),GLDS-48_rna-seq_N-FLT-27.tar.gz | GLDS-48_wgbs_N-FLT-27-wgbs.tar.gz | GLDS-48_wtbs_N39_S38_R1_001.fastq.gz | LSDS-2_Histology_ORO.tar.gz | LSDS-2_Histology_HE.tar.gz
OSD-48,RR1_FLT_M28,Mmus_C57-6J_LVR_FLT_C_Rep4_M28,Mus musculus,Liver,Dna Methylation Profiling | Molecular Cellular Imaging | Protein Expression Profiling | RNA-Seq | Rna Methylation Profiling,Mass Spectrometry | Microscopy | Rna Sequencing (Rna Seq) | Whole Genome Bisulfite Sequencing | Whole Transcriptome Bisulfite Sequencing,Illumina | Orbitrap Fusion(Thermo Scientific) | pannoramic scan (3d histech),GLDS-48_rna-seq_N-FLT-28.tar.gz | GLDS-48_wgbs_N-FLT-28-wgbs.tar.gz | GLDS-48_wtbs_N40_S39_R1_001.fastq.gz | LSDS-2_Histology_ORO.tar.gz | LSDS-2_Histology_HE.tar.gz
OSD-48,RR1_FLT_M29,Mmus_C57-6J_LVR_FLT_C_Rep6_M29,Mus musculus,Liver,Rna Methylation Profiling,Whole Transcriptome Bisulfite Sequencing,Illumina,GLDS-48_wtbs_N41_CGATGT_L005_R1_001.fastq.gz
OSD-48,RR1_FLT_M30,Mmus_C57-6J_LVR_FLT_C_Rep5_M30,Mus musculus,Liver,Dna Methylation Profiling | Molecular Cellular Imaging | Protein Expression Profiling | RNA-Seq | Rna Methylation Profiling,Mass Spectrometry | Microscopy | Rna Sequencing (Rna Seq) | Whole Genome Bisulfite Sequencing | Whole Transcriptome Bisulfite Sequencing,Illumina | Orbitrap Fusion(Thermo Scientific) | pannoramic scan (3d histech),GLDS-48_rna-seq_N-FLT-30.tar.gz | GLDS-48_wgbs_N-FLT-30-wgbs.tar.gz | GLDS-48_wtbs_N42_TGACCA_L005_R1_001.fastq.gz | LSDS-2_Histology_ORO.tar.gz | LSDS-2_Histology_HE.tar.gz
OSD-48,RR1_GC_M31,Mmus_C57-6J_LVR_GC_I_Rep1_M31,Mus musculus,Liver,Dna Methylation Profiling | Molecular Cellular Imaging | Protein Expression Profiling | RNA-Seq,Mass Spectrometry | Microscopy | Rna Sequencing (Rna Seq) | Whole Genome Bisulfite Sequencing,Illumina | Orbitrap Fusion(Thermo Scientific) | pannoramic scan (3d histech),GLDS-48_rna-seq_N-GC-31.tar.gz | GLDS-48_wgbs_N-GC-31-wgbs.tar.gz | LSDS-2_Histology_ORO.tar.gz | LSDS-2_Histology_HE.tar.gz
OSD-48,RR1_GC_M32,Mmus_C57-6J_LVR_GC_I_Rep2_M32,Mus musculus,Liver,Dna Methylation Profiling | Molecular Cellular Imaging | Protein Expression Profiling | RNA-Seq,Mass Spectrometry | Microscopy | Rna Sequencing (Rna Seq) | Whole Genome Bisulfite Sequencing,Illumina | Orbitrap Fusion(Thermo Scientific) | pannoramic scan (3d histech),GLDS-48_rna-seq_N-GC-32.tar.gz | GLDS-48_wgbs_N-GC-32-wgbs.tar.gz | LSDS-2_Histology_ORO.tar.gz | LSDS-2_Histology_HE.tar.gz
OSD-48,RR1_GC_M35,Mmus_C57-6J_LVR_GC_C_Rep6_M35,Mus musculus,Liver,Rna Methylation Profiling,Whole Transcriptome Bisulfite Sequencing,Illumina,GLDS-48_wtbs_N43_ACAGTG_L005_R1_001.fastq.gz
OSD-48,RR1_GC_M36,Mmus_C57-6J_LVR_GC_C_Rep1_M36,Mus musculus,Liver,Dna Methylation Profiling | Molecular Cellular Imaging | Protein Expression Profiling | RNA-Seq | Rna Methylation Profiling,Mass Spectrometry | Microscopy | Rna Sequencing (Rna Seq) | Whole Genome Bisulfite Sequencing | Whole Transcriptome Bisulfite Sequencing,Illumina | Orbitrap Fusion(Thermo Scientific) | pannoramic scan (3d histech),GLDS-48_rna-seq_N-GC-36.tar.gz | GLDS-48_wgbs_N-GC-36-wgbs.tar.gz | GLDS-48_wtbs_N44_S40_R1_001.fastq.gz | LSDS-2_Histology_ORO.tar.gz | LSDS-2_Histology_HE.tar.gz
OSD-48,RR1_GC_M37,Mmus_C57-6J_LVR_GC_C_Rep2_M37,Mus musculus,Liver,Dna Methylation Profiling | Molecular Cellular Imaging | Protein Expression Profiling | RNA-Seq | Rna Methylation Profiling,Mass Spectrometry | Microscopy | Rna Sequencing (Rna Seq) | Whole Genome Bisulfite Sequencing | Whole Transcriptome Bisulfite Sequencing,Illumina | Orbitrap Fusion(Thermo Scientific) | pannoramic scan (3d histech),GLDS-48_rna-seq_N-GC-37.tar.gz | GLDS-48_wgbs_N-GC-37-wgbs.tar.gz | GLDS-48_wtbs_N45_ACTTGA_L005_R1_001.fastq.gz | LSDS-2_Histology_ORO.tar.gz | LSDS-2_Histology_HE.tar.gz
OSD-48,RR1_GC_M38,Mmus_C57-6J_LVR_GC_C_Rep3_M38,Mus musculus,Liver,Dna Methylation Profiling | Molecular Cellular Imaging | Protein Expression Profiling | RNA-Seq | Rna Methylation Profiling,Mass Spectrometry | Microscopy | Rna Sequencing (Rna Seq) | Whole Genome Bisulfite Sequencing | Whole Transcriptome Bisulfite Sequencing,Illumina | Orbitrap Fusion(Thermo Scientific) | pannoramic scan (3d histech),GLDS-48_rna-seq_N-GC-38.tar.gz | GLDS-48_wgbs_N-GC-38-wgbs.tar.gz | GLDS-48_wtbs_N46_GATCAG_L005_R1_001.fastq.gz | LSDS-2_Histology_ORO.tar.gz | LSDS-2_Histology_HE.tar.gz
OSD-48,RR1_GC_M39,Mmus_C57-6J_LVR_GC_C_Rep4_M39,Mus musculus,Liver,Dna Methylation Profiling | Molecular Cellular Imaging | Protein Expression Profiling | RNA-Seq | Rna Methylation Profiling,Mass Spectrometry | Microscopy | Rna Sequencing (Rna Seq) | Whole Genome Bisulfite Sequencing | Whole Transcriptome Bisulfite Sequencing,Illumina | Orbitrap Fusion(Thermo Scientific) | pannoramic scan (3d histech),GLDS-48_rna-seq_N-GC-39.tar.gz | GLDS-48_wgbs_N-GC-39-wgbs.tar.gz | GLDS-48_wtbs_N47_TAGCTT_L005_R1_001.fastq.gz | LSDS-2_Histology_ORO.tar.gz | LSDS-2_Histology_HE.tar.gz
OSD-48,RR1_GC_M40,Mmus_C57-6J_LVR_GC_C_Rep5_M40,Mus musculus,Liver,Dna Methylation Profiling | Molecular Cellular Imaging | Protein Expression Profiling | RNA-Seq | Rna Methylation Profiling,Mass Spectrometry | Microscopy | Rna Sequencing (Rna Seq) | Whole Genome Bisulfite Sequencing | Whole Transcriptome Bisulfite Sequencing,Illumina | Orbitrap Fusion(Thermo Scientific) | pannoramic scan (3d histech),GLDS-48_rna-seq_N-GC-40.tar.gz | GLDS-48_wgbs_N-GC-40-wgbs.tar.gz | GLDS-48_wtbs_N48_CTTGTA_L005_R1_001.fastq.gz | LSDS-2_Histology_ORO.tar.gz | LSDS-2_Histology_HE.tar.gz
OSD-48,RR1_GC_NASA+CASIS_LVR_POOL,RR1_GC_NASA+CASIS_LVR_POOL,Mus musculus,Liver,Protein Expression Profiling,Mass Spectrometry,Orbitrap Fusion(Thermo Scientific),
OSD-48,RR1_GC_NASA_LVR_POOL,RR1_GC_NASA_LVR_POOL,Mus musculus,Liver,Protein Expression Profiling,Mass Spectrometry,Orbitrap Fusion(Thermo Scientific),
OSD-48,RR1_BA_CASIS_LVR_POOL,RR1_BA_CASIS_LVR_POOL,Mus musculus,Liver,Protein Expression Profiling,Mass Spectrometry,Orbitrap Fusion(Thermo Scientific),
OSD-48,RR1_FLT_NASA+CASIS_LVR_POOL,RR1_FLT_NASA+CASIS_LVR_POOL,Mus musculus,Liver,Protein Expression Profiling,Mass Spectrometry,Orbitrap Fusion(Thermo Scientific),
OSD-48,RR1_FLT_NASA_LVR_POOL,RR1_FLT_NASA_LVR_POOL,Mus musculus,Liver,Protein Expression Profiling,Mass Spectrometry,Orbitrap Fusion(Thermo Scientific),
OSD-48,RR1_BA_CASIS_LVR_POOL,RR1_BSL_VIV_NASA_LVR_POOL,Mus musculus,Liver,Protein Expression Profiling,Mass Spectrometry,Orbitrap Fusion(Thermo Scientific),
OSD-100,RR1_GC_M33,Mmus_C57-6J_EYE_GC_Rep1_M33,Mus musculus,left eye,Dna Methylation Profiling | RNA-Seq,Rna Sequencing (Rna Seq) | Whole Genome Bisulfite Sequencing,,GLDS-100_wgbs_M33-EYE-wgbs.tar.gz | GLDS-100_rna-seq_M33-EYE.tar.gz
OSD-100,RR1_GC_M34,Mmus_C57-6J_EYE_GC_Rep2_M34,Mus musculus,left eye,Dna Methylation Profiling | RNA-Seq,Rna Sequencing (Rna Seq) | Whole Genome Bisulfite Sequencing,,GLDS-100_wgbs_M34-EYE-wgbs.tar.gz | GLDS-100_rna-seq_M34-EYE.tar.gz
OSD-100,RR1_GC_M35,Mmus_C57-6J_EYE_GC_Rep3_M35,Mus musculus,left eye,Dna Methylation Profiling | RNA-Seq,Rna Sequencing (Rna Seq) | Whole Genome Bisulfite Sequencing,,GLDS-100_wgbs_M35-EYE-wgbs.tar.gz | GLDS-100_rna-seq_M35-EYE.tar.gz
OSD-100,RR1_GC_M36,Mmus_C57-6J_EYE_GC_Rep4_M36,Mus musculus,left eye,Dna Methylation Profiling | RNA-Seq,Rna Sequencing (Rna Seq) | Whole Genome Bisulfite Sequencing,,GLDS-100_wgbs_M36-EYE-wgbs.tar.gz | GLDS-100_rna-seq_M36-EYE.tar.gz
OSD-100,RR1_GC_M37,Mmus_C57-6J_EYE_GC_Rep5_M37,Mus musculus,left eye,Dna Methylation Profiling | RNA-Seq,Rna Sequencing (Rna Seq) | Whole Genome Bisulfite Sequencing,,GLDS-100_wgbs_M37-EYE-wgbs.tar.gz | GLDS-100_rna-seq_M37-EYE.tar.gz
OSD-100,RR1_GC_M38,Mmus_C57-6J_EYE_GC_Rep6_M38,Mus musculus,left eye,Dna Methylation Profiling | RNA-Seq,Rna Sequencing (Rna Seq) | Whole Genome Bisulfite Sequencing,,GLDS-100_wgbs_M38-EYE-wgbs.tar.gz | GLDS-100_rna-seq_M38-EYE.tar.gz
OSD-100,RR1_FLT_M23,Mmus_C57-6J_EYE_FLT_Rep1_M23,Mus musculus,left eye,Dna Methylation Profiling | RNA-Seq,Rna Sequencing (Rna Seq) | Whole Genome Bisulfite Sequencing,,GLDS-100_wgbs_M23-EYE-wgbs.tar.gz | GLDS-100_rna-seq_M23-EYE.tar.gz
OSD-100,RR1_FLT_M24,Mmus_C57-6J_EYE_FLT_Rep2_M24,Mus musculus,left eye,Dna Methylation Profiling | RNA-Seq,Rna Sequencing (Rna Seq) | Whole Genome Bisulfite Sequencing,,GLDS-100_wgbs_M24-EYE-wgbs.tar.gz | GLDS-100_rna-seq_M24-EYE.tar.gz
OSD-100,RR1_FLT_M25,Mmus_C57-6J_EYE_FLT_Rep3_M25,Mus musculus,left eye,Dna Methylation Profiling | RNA-Seq,Rna Sequencing (Rna Seq) | Whole Genome Bisulfite Sequencing,,GLDS-100_wgbs_M25-EYE-wgbs.tar.gz | GLDS-100_rna-seq_M25-EYE.tar.gz
OSD-100,RR1_FLT_M26,Mmus_C57-6J_EYE_FLT_Rep4_M26,Mus musculus,left eye,Dna Methylation Profiling | RNA-Seq,Rna Sequencing (Rna Seq) | Whole Genome Bisulfite Sequencing,,GLDS-100_wgbs_M26-EYE-wgbs.tar.gz | GLDS-100_rna-seq_M26-EYE.tar.gz
OSD-100,RR1_FLT_M27,Mmus_C57-6J_EYE_FLT_Rep5_M27,Mus musculus,left eye,Dna Methylation Profiling | RNA-Seq,Rna Sequencing (Rna Seq) | Whole Genome Bisulfite Sequencing,,GLDS-100_wgbs_M27-EYE-wgbs.tar.gz | GLDS-100_rna-seq_M27-EYE.tar.gz
OSD-100,RR1_FLT_M28,Mmus_C57-6J_EYE_FLT_Rep6_M28,Mus musculus,left eye,Dna Methylation Profiling | RNA-Seq,Rna Sequencing (Rna Seq) | Whole Genome Bisulfite Sequencing,,GLDS-100_wgbs_M28-EYE-wgbs.tar.gz | GLDS-100_rna-seq_M28-EYE.tar.gz
OSD-101,RR1_GC_M33,Mmus_C57-6J_GST_GC_Rep1_M33,Mus musculus,Left gastrocnemius,Dna Methylation Profiling | Protein Expression Profiling | RNA-Seq | Rna Methylation Profiling,Mass Spectrometry | Rna Sequencing (Rna Seq) | Whole Genome Bisulfite Sequencing | Whole Transcriptome Bisulfite Sequencing,Illumina | Orbitrap Fusion(Thermo Scientific),GLDS-101_rna-seq_M33-GST.tar.gz | GLDS-101_wtbs_N7_TAGCTT_L008_R1_001.fastq.gz | GLDS-101_wgbs_M33-GST-wgbs.tar.gz
OSD-101,RR1_GC_M34,Mmus_C57-6J_GST_GC_Rep2_M34,Mus musculus,Left gastrocnemius,Dna Methylation Profiling | Protein Expression Profiling | RNA-Seq | Rna Methylation Profiling,Mass Spectrometry | Rna Sequencing (Rna Seq) | Whole Genome Bisulfite Sequencing | Whole Transcriptome Bisulfite Sequencing,Illumina | Orbitrap Fusion(Thermo Scientific),GLDS-101_rna-seq_M34-GST.tar.gz | GLDS-101_wtbs_N8_CTTGTA_L008_R1_001.fastq.gz | GLDS-101_wgbs_M34-GST-wgbs.tar.gz
OSD-101,RR1_GC_M35,Mmus_C57-6J_GST_GC_Rep3_M35,Mus musculus,Left gastrocnemius,Dna Methylation Profiling | Protein Expression Profiling | RNA-Seq | Rna Methylation Profiling,Mass Spectrometry | Rna Sequencing (Rna Seq) | Whole Genome Bisulfite Sequencing | Whole Transcriptome Bisulfite Sequencing,Illumina | Orbitrap Fusion(Thermo Scientific),GLDS-101_rna-seq_M35-GST.tar.gz | GLDS-101_wtbs_N9_CGATGT_L007_R1_001.fastq.gz | GLDS-101_wgbs_M35-GST-wgbs.tar.gz
OSD-101,RR1_GC_M36,Mmus_C57-6J_GST_GC_Rep4_M36,Mus musculus,Left gastrocnemius,Dna Methylation Profiling | Protein Expression Profiling | RNA-Seq | Rna Methylation Profiling,Mass Spectrometry | Rna Sequencing (Rna Seq) | Whole Genome Bisulfite Sequencing | Whole Transcriptome Bisulfite Sequencing,Illumina | Orbitrap Fusion(Thermo Scientific),GLDS-101_rna-seq_M36-GST.tar.gz | GLDS-101_wtbs_N10_TGACCA_L007_R1_001.fastq.gz | GLDS-101_wgbs_M36-GST-wgbs.tar.gz
OSD-101,RR1_GC_M37,Mmus_C57-6J_GST_GC_Rep5_M37,Mus musculus,Left gastrocnemius,Dna Methylation Profiling | Protein Expression Profiling | RNA-Seq | Rna Methylation Profiling,Mass Spectrometry | Rna Sequencing (Rna Seq) | Whole Genome Bisulfite Sequencing | Whole Transcriptome Bisulfite Sequencing,Illumina | Orbitrap Fusion(Thermo Scientific),GLDS-101_rna-seq_M37-GST.tar.gz | GLDS-101_wtbs_N11_ACAGTG_L007_R1_001.fastq.gz | GLDS-101_wgbs_M37-GST-wgbs.tar.gz
OSD-101,RR1_GC_M38,Mmus_C57-6J_GST_GC_Rep6_M38,Mus musculus,Left gastrocnemius,Dna Methylation Profiling | Protein Expression Profiling | RNA-Seq | Rna Methylation Profiling,Mass Spectrometry | Rna Sequencing (Rna Seq) | Whole Genome Bisulfite Sequencing | Whole Transcriptome Bisulfite Sequencing,Illumina | Orbitrap Fusion(Thermo Scientific),GLDS-101_rna-seq_M38-GST.tar.gz | GLDS-101_wtbs_N12_GCCAAT_L007_R1_001.fastq.gz | GLDS-101_wgbs_M38-GST-wgbs.tar.gz
OSD-101,RR1_FLT_M23,Mmus_C57-6J_GST_FLT_Rep1_M23,Mus musculus,Left gastrocnemius,Dna Methylation Profiling | Protein Expression Profiling | RNA-Seq | Rna Methylation Profiling,Mass Spectrometry | Rna Sequencing (Rna Seq) | Whole Genome Bisulfite Sequencing | Whole Transcriptome Bisulfite Sequencing,Illumina | Orbitrap Fusion(Thermo Scientific),GLDS-101_rna-seq_M23-GST.tar.gz | GLDS-101_wtbs_N1_CGATGT_L008_R1_001.fastq.gz | GLDS-101_wgbs_M23-GST-wgbs.tar.gz
OSD-101,RR1_FLT_M24,Mmus_C57-6J_GST_FLT_Rep2_M24,Mus musculus,Left gastrocnemius,Dna Methylation Profiling | Protein Expression Profiling | RNA-Seq | Rna Methylation Profiling,Mass Spectrometry | Rna Sequencing (Rna Seq) | Whole Genome Bisulfite Sequencing | Whole Transcriptome Bisulfite Sequencing,Illumina | Orbitrap Fusion(Thermo Scientific),GLDS-101_rna-seq_M24-GST.tar.gz | GLDS-101_wtbs_N2_TGACCA_L008_R1_001.fastq.gz | GLDS-101_wgbs_M24-GST-wgbs.tar.gz
OSD-101,RR1_FLT_M25,Mmus_C57-6J_GST_FLT_Rep3_M25,Mus musculus,Left gastrocnemius,Dna Methylation Profiling | Protein Expression Profiling | RNA-Seq | Rna Methylation Profiling,Mass Spectrometry | Rna Sequencing (Rna Seq) | Whole Genome Bisulfite Sequencing | Whole Transcriptome Bisulfite Sequencing,Illumina | Orbitrap Fusion(Thermo Scientific),GLDS-101_rna-seq_M25-GST.tar.gz | GLDS-101_wtbs_N3_ACAGTG_L008_R1_001.fastq.gz | GLDS-101_wgbs_M25-GST-wgbs.tar.gz
OSD-101,RR1_FLT_M26,Mmus_C57-6J_GST_FLT_Rep4_M26,Mus musculus,Left gastrocnemius,Dna Methylation Profiling | Protein Expression Profiling | RNA-Seq | Rna Methylation Profiling,Mass Spectrometry | Rna Sequencing (Rna Seq) | Whole Genome Bisulfite Sequencing | Whole Transcriptome Bisulfite Sequencing,Illumina | Orbitrap Fusion(Thermo Scientific),GLDS-101_rna-seq_M26-GST.tar.gz | GLDS-101_wtbs_N4_GCCAAT_L008_R1_001.fastq.gz | GLDS-101_wgbs_M26-GST-wgbs.tar.gz
OSD-101,RR1_FLT_M27,Mmus_C57-6J_GST_FLT_Rep5_M27,Mus musculus,Left gastrocnemius,Dna Methylation Profiling | Protein Expression Profiling | RNA-Seq | Rna Methylation Profiling,Mass Spectrometry | Rna Sequencing (Rna Seq) | Whole Genome Bisulfite Sequencing | Whole Transcriptome Bisulfite Sequencing,Illumina | Orbitrap Fusion(Thermo Scientific),GLDS-101_rna-seq_M27-GST.tar.gz | GLDS-101_wtbs_N5_ACTTGA_L008_R1_001.fastq.gz | GLDS-101_wgbs_M27-GST-wgbs.tar.gz
OSD-101,RR1_FLT_M28,Mmus_C57-6J_GST_FLT_Rep6_M28,Mus musculus,Left gastrocnemius,Dna Methylation Profiling | Protein Expression Profiling | RNA-Seq | Rna Methylation Profiling,Mass Spectrometry | Rna Sequencing (Rna Seq) | Whole Genome Bisulfite Sequencing | Whole Transcriptome Bisulfite Sequencing,Illumina | Orbitrap Fusion(Thermo Scientific),GLDS-101_rna-seq_M28-GST.tar.gz | GLDS-101_wtbs_N6_GATCAG_L008_R1_001.fastq.gz | GLDS-101_wgbs_M28-GST-wgbs.tar.gz
OSD-101,Pool of all FLT samples,Pool of all FLT samples,Mus musculus,Left gastrocnemius,Protein Expression Profiling,Mass Spectrometry,Orbitrap Fusion(Thermo Scientific),
OSD-101,Pool of all GC samples,Pool of all GC samples,Mus musculus,Left gastrocnemius,Protein Expression Profiling,Mass Spectrometry,Orbitrap Fusion(Thermo Scientific),
OSD-101,Pool of all FLT and GC samples,Pool of all FLT and GC samples,Mus musculus,Left gastrocnemius,Protein Expression Profiling,Mass Spectrometry,Orbitrap Fusion(Thermo Scientific),
OSD-101,Empty Pool,Empty Pool,Mus musculus,Not Applicable,Protein Expression Profiling,Mass Spectrometry,Orbitrap Fusion(Thermo Scientific),
OSD-102,RR1_FLT_M23,Mmus_C57-6J_KDN_FLT_Rep1_M23,Mus musculus,Left kidney,Dna Methylation Profiling | Protein Expression Profiling | RNA-Seq | Rna Methylation Profiling,Mass Spectrometry | Rna Sequencing (Rna Seq) | Whole Genome Bisulfite Sequencing | Whole Transcriptome Bisulfite Sequencing,Illumina | Illumina HiSeq 4000 | LTQ Orbitrap Fusion (Thermo Scientific),GLDS-102_rna-seq_M23-KDN.tar.gz | GLDS-102_wgbs_M23-KDN-wgbs.tar.gz | GLDS-102_wtbs_N49_CGATGT_L006_R1_001.fastq.gz
OSD-102,RR1_FLT_M24,Mmus_C57-6J_KDN_FLT_Rep2_M24,Mus musculus,Left kidney,Dna Methylation Profiling | Protein Expression Profiling | RNA-Seq | Rna Methylation Profiling,Mass Spectrometry | Rna Sequencing (Rna Seq) | Whole Genome Bisulfite Sequencing | Whole Transcriptome Bisulfite Sequencing,Illumina | Illumina HiSeq 4000 | LTQ Orbitrap Fusion (Thermo Scientific),GLDS-102_rna-seq_M24-KDN.tar.gz | GLDS-102_wgbs_M24-KDN-wgbs.tar.gz | GLDS-102_wtbs_N50_TGACCA_L006_R1_001.fastq.gz
OSD-102,RR1_FLT_M25,Mmus_C57-6J_KDN_FLT_Rep3_M25,Mus musculus,Left kidney,Dna Methylation Profiling | Protein Expression Profiling | RNA-Seq | Rna Methylation Profiling,Mass Spectrometry | Rna Sequencing (Rna Seq) | Whole Genome Bisulfite Sequencing | Whole Transcriptome Bisulfite Sequencing,Illumina | Illumina HiSeq 4000 | LTQ Orbitrap Fusion (Thermo Scientific),GLDS-102_rna-seq_M25-KDN.tar.gz | GLDS-102_wgbs_M25-KDN-wgbs.tar.gz | GLDS-102_wtbs_N51_ACAGTG_L006_R1_001.fastq.gz
OSD-102,RR1_FLT_M26,Mmus_C57-6J_KDN_FLT_Rep4_M26,Mus musculus,Left kidney,Dna Methylation Profiling | Protein Expression Profiling | RNA-Seq | Rna Methylation Profiling,Mass Spectrometry | Rna Sequencing (Rna Seq) | Whole Genome Bisulfite Sequencing | Whole Transcriptome Bisulfite Sequencing,Illumina | Illumina HiSeq 4000 | LTQ Orbitrap Fusion (Thermo Scientific),GLDS-102_rna-seq_M26-KDN.tar.gz | GLDS-102_wgbs_M26-KDN-wgbs.tar.gz | GLDS-102_wtbs_N52_GCCAAT_L006_R1_001.fastq.gz
OSD-102,RR1_FLT_M27,Mmus_C57-6J_KDN_FLT_Rep5_M27,Mus musculus,Left kidney,Dna Methylation Profiling | Protein Expression Profiling | RNA-Seq | Rna Methylation Profiling,Mass Spectrometry | Rna Sequencing (Rna Seq) | Whole Genome Bisulfite Sequencing | Whole Transcriptome Bisulfite Sequencing,Illumina | Illumina HiSeq 4000 | LTQ Orbitrap Fusion (Thermo Scientific),GLDS-102_rna-seq_M27-KDN.tar.gz | GLDS-102_wgbs_M27-KDN-wgbs.tar.gz | GLDS-102_wtbs_N53_ACTTGA_L006_R1_001.fastq.gz
OSD-102,RR1_FLT_M28,Mmus_C57-6J_KDN_FLT_Rep6_M28,Mus musculus,Left kidney,Dna Methylation Profiling | Protein Expression Profiling | RNA-Seq | Rna Methylation Profiling,Mass Spectrometry | Rna Sequencing (Rna Seq) | Whole Genome Bisulfite Sequencing | Whole Transcriptome Bisulfite Sequencing,Illumina | Illumina HiSeq 4000 | LTQ Orbitrap Fusion (Thermo Scientific),GLDS-102_rna-seq_M28-KDN.tar.gz | GLDS-102_wgbs_M28-KDN-wgbs.tar.gz | GLDS-102_wtbs_N54_GATCAG_L006_R1_001.fastq.gz
OSD-102,RR1_GC_M33,Mmus_C57-6J_KDN_GC_Rep1_M33,Mus musculus,Left kidney,Dna Methylation Profiling | Protein Expression Profiling | RNA-Seq | Rna Methylation Profiling,Mass Spectrometry | Rna Sequencing (Rna Seq) | Whole Genome Bisulfite Sequencing | Whole Transcriptome Bisulfite Sequencing,Illumina | Illumina HiSeq 4000 | LTQ Orbitrap Fusion (Thermo Scientific),GLDS-102_rna-seq_M33-KDN.tar.gz | GLDS-102_wgbs_M33-KDN-wgbs.tar.gz | GLDS-102_wtbs_N55_TAGCTT_L006_R1_001.fastq.gz
OSD-102,RR1_GC_M34,Mmus_C57-6J_KDN_GC_Rep2_M34,Mus musculus,Left kidney,Dna Methylation Profiling | Protein Expression Profiling | RNA-Seq | Rna Methylation Profiling,Mass Spectrometry | Rna Sequencing (Rna Seq) | Whole Genome Bisulfite Sequencing | Whole Transcriptome Bisulfite Sequencing,Illumina | Illumina HiSeq 4000 | LTQ Orbitrap Fusion (Thermo Scientific),GLDS-102_rna-seq_M34-KDN.tar.gz | GLDS-102_wgbs_M34-KDN-wgbs.tar.gz | GLDS-102_wtbs_N56_CTTGTA_L006_R1_001.fastq.gz
OSD-102,RR1_GC_M35,Mmus_C57-6J_KDN_GC_Rep3_M35,Mus musculus,Left kidney,Dna Methylation Profiling | Protein Expression Profiling | RNA-Seq | Rna Methylation Profiling,Mass Spectrometry | Rna Sequencing (Rna Seq) | Whole Genome Bisulfite Sequencing | Whole Transcriptome Bisulfite Sequencing,Illumina | Illumina HiSeq 4000 | LTQ Orbitrap Fusion (Thermo Scientific),GLDS-102_rna-seq_M35-KDN.tar.gz | GLDS-102_wgbs_M35-KDN-wgbs.tar.gz | GLDS-102_wtbs_N57_CGATGT_L007_R1_001.fastq.gz
OSD-102,RR1_GC_M36,Mmus_C57-6J_KDN_GC_Rep4_M36,Mus musculus,Left kidney,Dna Methylation Profiling | Protein Expression Profiling | RNA-Seq | Rna Methylation Profiling,Mass Spectrometry | Rna Sequencing (Rna Seq) | Whole Genome Bisulfite Sequencing | Whole Transcriptome Bisulfite Sequencing,Illumina | Illumina HiSeq 4000 | LTQ Orbitrap Fusion (Thermo Scientific),GLDS-102_rna-seq_M36-KDN.tar.gz | GLDS-102_wgbs_M36-KDN-wgbs.tar.gz | GLDS-102_wtbs_N58_TGACCA_L007_R1_001.fastq.gz
OSD-102,RR1_GC_M37,Mmus_C57-6J_KDN_GC_Rep5_M37,Mus musculus,Left kidney,Dna Methylation Profiling | Protein Expression Profiling | RNA-Seq | Rna Methylation Profiling,Mass Spectrometry | Rna Sequencing (Rna Seq) | Whole Genome Bisulfite Sequencing | Whole Transcriptome Bisulfite Sequencing,Illumina | Illumina HiSeq 4000 | LTQ Orbitrap Fusion (Thermo Scientific),GLDS-102_rna-seq_M37-KDN.tar.gz | GLDS-102_wgbs_M37-KDN-wgbs.tar.gz | GLDS-102_wtbs_N59_GCCAAT_L007_R1_001.fastq.gz
OSD-102,RR1_GC_M38,Mmus_C57-6J_KDN_GC_Rep6_M38,Mus musculus,Left kidney,Dna Methylation Profiling | Protein Expression Profiling | RNA-Seq | Rna Methylation Profiling,Mass Spectrometry | Rna Sequencing (Rna Seq) | Whole Genome Bisulfite Sequencing | Whole Transcriptome Bisulfite Sequencing,Illumina | Illumina HiSeq 4000 | LTQ Orbitrap Fusion (Thermo Scientific),GLDS-102_rna-seq_M38-KDN.tar.gz | GLDS-102_wgbs_M38-KDN-wgbs.tar.gz | GLDS-102_wtbs_N60_CTTGTA_L007_R1_001.fastq.gz
OSD-102,Pool of all FLT samples,Pool of all FLT samples,Not Applicable,Not Applicable,Protein Expression Profiling,Mass Spectrometry,LTQ Orbitrap Fusion (Thermo Scientific),
OSD-102,Pool of all GC samples,Pool of all GC samples,Not Applicable,Not Applicable,Protein Expression Profiling,Mass Spectrometry,LTQ Orbitrap Fusion (Thermo Scientific),
OSD-102,Pool of all FLT and GC samples,Pool of all FLT and GC samples,Not Applicable,Not Applicable,Protein Expression Profiling,Mass Spectrometry,LTQ Orbitrap Fusion (Thermo Scientific),
OSD-102,Empty Pool,Empty Pool,Not Applicable,Not Applicable,Protein Expression Profiling,Mass Spectrometry,LTQ Orbitrap Fusion (Thermo Scientific),
OSD-103,RR1_FLT_M23,Mmus_C57-6J_Quad_FLT_Rep1_M23,Mus musculus,Left quadriceps femoris,Dna Methylation Profiling | Protein Expression Profiling | RNA-Seq | Rna Methylation Profiling,Mass Spectrometry | Rna Sequencing (Rna Seq) | Whole Genome Bisulfite Sequencing | Whole Transcriptome Bisulfite Sequencing,Illumina | Illumina HiSeq 4000 | LTQ Orbitrap Fusion (Thermo Scientific),GLDS-103_wgbs_M23-QUAD-wgbs.tar.gz | GLDS-103_rna-seq_M23-Quad.tar.gz | GLDS-103_wtbs_N13_ACTTGA_L007_R1_001.fastq.gz
OSD-103,RR1_FLT_M24,Mmus_C57-6J_Quad_FLT_Rep2_M24,Mus musculus,Left quadriceps femoris,Dna Methylation Profiling | Protein Expression Profiling | RNA-Seq | Rna Methylation Profiling,Mass Spectrometry | Rna Sequencing (Rna Seq) | Whole Genome Bisulfite Sequencing | Whole Transcriptome Bisulfite Sequencing,Illumina | Illumina HiSeq 4000 | LTQ Orbitrap Fusion (Thermo Scientific),GLDS-103_wgbs_M24-QUAD-wgbs.tar.gz | GLDS-103_rna-seq_M24-Quad.tar.gz | GLDS-103_wtbs_N14_GATCAG_L007_R1_001.fastq.gz
OSD-103,RR1_FLT_M25,Mmus_C57-6J_Quad_FLT_Rep3_M25,Mus musculus,Left quadriceps femoris,Dna Methylation Profiling | Protein Expression Profiling | RNA-Seq | Rna Methylation Profiling,Mass Spectrometry | Rna Sequencing (Rna Seq) | Whole Genome Bisulfite Sequencing | Whole Transcriptome Bisulfite Sequencing,Illumina | Illumina HiSeq 4000 | LTQ Orbitrap Fusion (Thermo Scientific),GLDS-103_wgbs_M25-QUAD-wgbs.tar.gz | GLDS-103_rna-seq_M25-Quad.tar.gz | GLDS-103_wtbs_N15_TAGCTT_L007_R1_001.fastq.gz
OSD-103,RR1_FLT_M26,Mmus_C57-6J_Quad_FLT_Rep4_M26,Mus musculus,Left quadriceps femoris,Dna Methylation Profiling | Protein Expression Profiling | RNA-Seq | Rna Methylation Profiling,Mass Spectrometry | Rna Sequencing (Rna Seq) | Whole Genome Bisulfite Sequencing | Whole Transcriptome Bisulfite Sequencing,Illumina | Illumina HiSeq 4000 | LTQ Orbitrap Fusion (Thermo Scientific),GLDS-103_wgbs_M26-QUAD-wgbs.tar.gz | GLDS-103_rna-seq_M26-Quad.tar.gz | GLDS-103_wtbs_N16_CTTGTA_L007_R1_001.fastq.gz
OSD-103,RR1_FLT_M27,Mmus_C57-6J_Quad_FLT_Rep5_M27,Mus musculus,Left quadriceps femoris,Dna Methylation Profiling | Protein Expression Profiling | RNA-Seq | Rna Methylation Profiling,Mass Spectrometry | Rna Sequencing (Rna Seq) | Whole Genome Bisulfite Sequencing | Whole Transcriptome Bisulfite Sequencing,Illumina | Illumina HiSeq 4000 | LTQ Orbitrap Fusion (Thermo Scientific),GLDS-103_wgbs_M27-QUAD-wgbs.tar.gz | GLDS-103_rna-seq_M27-Quad.tar.gz | GLDS-103_wtbs_N17_CGATGT_L002_R1_001.fastq.gz
OSD-103,RR1_FLT_M28,Mmus_C57-6J_Quad_FLT_Rep6_M28,Mus musculus,Left quadriceps femoris,Dna Methylation Profiling | Protein Expression Profiling | RNA-Seq | Rna Methylation Profiling,Mass Spectrometry | Rna Sequencing (Rna Seq) | Whole Genome Bisulfite Sequencing | Whole Transcriptome Bisulfite Sequencing,Illumina | Illumina HiSeq 4000 | LTQ Orbitrap Fusion (Thermo Scientific),GLDS-103_wgbs_M28-QUAD-wgbs.tar.gz | GLDS-103_rna-seq_M28-Quad.tar.gz | GLDS-103_wtbs_N18_TGACCA_L002_R1_001.fastq.gz
OSD-103,RR1_GC_M33,Mmus_C57-6J_Quad_GC_Rep1_M33,Mus musculus,Left quadriceps femoris,Dna Methylation Profiling | Protein Expression Profiling | RNA-Seq | Rna Methylation Profiling,Mass Spectrometry | Rna Sequencing (Rna Seq) | Whole Genome Bisulfite Sequencing | Whole Transcriptome Bisulfite Sequencing,Illumina | Illumina HiSeq 4000 | LTQ Orbitrap Fusion (Thermo Scientific),GLDS-103_wgbs_M33-QUAD-wgbs.tar.gz | GLDS-103_rna-seq_M33-Quad.tar.gz | GLDS-103_wtbs_N19_ACAGTG_L002_R1_001.fastq.gz
OSD-103,RR1_GC_M34,Mmus_C57-6J_Quad_GC_Rep2_M34,Mus musculus,Left quadriceps femoris,Dna Methylation Profiling | Protein Expression Profiling | RNA-Seq | Rna Methylation Profiling,Mass Spectrometry | Rna Sequencing (Rna Seq) | Whole Genome Bisulfite Sequencing | Whole Transcriptome Bisulfite Sequencing,Illumina | Illumina HiSeq 4000 | LTQ Orbitrap Fusion (Thermo Scientific),GLDS-103_wgbs_M34-QUAD-wgbs.tar.gz | GLDS-103_rna-seq_M34-Quad.tar.gz | GLDS-103_wtbs_N20_GCCAAT_L002_R1_001.fastq.gz
OSD-103,RR1_GC_M35,Mmus_C57-6J_Quad_GC_Rep3_M35,Mus musculus,Left quadriceps femoris,Dna Methylation Profiling | Protein Expression Profiling | RNA-Seq | Rna Methylation Profiling,Mass Spectrometry | Rna Sequencing (Rna Seq) | Whole Genome Bisulfite Sequencing | Whole Transcriptome Bisulfite Sequencing,Illumina | Illumina HiSeq 4000 | LTQ Orbitrap Fusion (Thermo Scientific),GLDS-103_wgbs_M35-QUAD-wgbs.tar.gz | GLDS-103_rna-seq_M35-Quad.tar.gz | GLDS-103_wtbs_N21_ACTTGA_L002_R1_001.fastq.gz
OSD-103,RR1_GC_M36,Mmus_C57-6J_Quad_GC_Rep4_M36,Mus musculus,Left quadriceps femoris,Dna Methylation Profiling | Protein Expression Profiling | RNA-Seq | Rna Methylation Profiling,Mass Spectrometry | Rna Sequencing (Rna Seq) | Whole Genome Bisulfite Sequencing | Whole Transcriptome Bisulfite Sequencing,Illumina | Illumina HiSeq 4000 | LTQ Orbitrap Fusion (Thermo Scientific),GLDS-103_wgbs_M36-QUAD-wgbs.tar.gz | GLDS-103_rna-seq_M36-Quad.tar.gz | GLDS-103_wtbs_N22_GATCAG_L002_R1_001.fastq.gz
OSD-103,RR1_GC_M37,Mmus_C57-6J_Quad_GC_Rep5_M37,Mus musculus,Left quadriceps femoris,Dna Methylation Profiling | Protein Expression Profiling | RNA-Seq | Rna Methylation Profiling,Mass Spectrometry | Rna Sequencing (Rna Seq) | Whole Genome Bisulfite Sequencing | Whole Transcriptome Bisulfite Sequencing,Illumina | Illumina HiSeq 4000 | LTQ Orbitrap Fusion (Thermo Scientific),GLDS-103_wgbs_M37-QUAD-wgbs.tar.gz | GLDS-103_rna-seq_M37-Quad.tar.gz | GLDS-103_wtbs_N23_TAGCTT_L002_R1_001.fastq.gz
OSD-103,RR1_GC_M38,Mmus_C57-6J_Quad_GC_Rep6_M38,Mus musculus,Left quadriceps femoris,Dna Methylation Profiling | Protein Expression Profiling | RNA-Seq | Rna Methylation Profiling,Mass Spectrometry | Rna Sequencing (Rna Seq) | Whole Genome Bisulfite Sequencing | Whole Transcriptome Bisulfite Sequencing,Illumina | Illumina HiSeq 4000 | LTQ Orbitrap Fusion (Thermo Scientific),GLDS-103_wgbs_M38-QUAD-wgbs.tar.gz | GLDS-103_rna-seq_M38-Quad.tar.gz | GLDS-103_wtbs_N24_CTTGTA_L002_R1_001.fastq.gz
OSD-103,Pool of all FLT samples,Pool of all FLT samples,Mus musculus,Left quadriceps femoris,Protein Expression Profiling,Mass Spectrometry,LTQ Orbitrap Fusion (Thermo Scientific),
OSD-103,Pool of all GC samples,Pool of all GC samples,Mus musculus,Left quadriceps femoris,Protein Expression Profiling,Mass Spectrometry,LTQ Orbitrap Fusion (Thermo Scientific),
OSD-103,Pool of all FLT and GC samples,Pool of all FLT and GC samples,Mus musculus,Left quadriceps femoris,Protein Expression Profiling,Mass Spectrometry,LTQ Orbitrap Fusion (Thermo Scientific),
OSD-103,Empty Pool,Empty Pool,Not Applicable,Not Applicable,Protein Expression Profiling,Mass Spectrometry,LTQ Orbitrap Fusion (Thermo Scientific),
OSD-104,RR1_GC_M33,Mmus_C57-6J_SLS_GC_Rep1_M33,Mus musculus,Soleus-both sides,Dna Methylation Profiling | RNA-Seq,Rna Sequencing (Rna Seq) | Whole Genome Bisulfite Sequencing,Illumina,GLDS-104_wgbs_M33-SLS-wgbs.tar.gz | GLDS-104_rna-seq_M33-SLS.tar.gz
OSD-104,RR1_GC_M34,Mmus_C57-6J_SLS_GC_Rep2_M34,Mus musculus,Soleus-both sides,Dna Methylation Profiling | RNA-Seq,Rna Sequencing (Rna Seq) | Whole Genome Bisulfite Sequencing,Illumina,GLDS-104_wgbs_M34-SLS-wgbs.tar.gz | GLDS-104_rna-seq_M34-SLS.tar.gz
OSD-104,RR1_GC_M35,Mmus_C57-6J_SLS_GC_Rep3_M35,Mus musculus,Soleus-both sides,Dna Methylation Profiling | RNA-Seq,Rna Sequencing (Rna Seq) | Whole Genome Bisulfite Sequencing,Illumina,GLDS-104_wgbs_M35-SLS-wgbs.tar.gz | GLDS-104_rna-seq_M35-SLS.tar.gz
OSD-104,RR1_GC_M36,Mmus_C57-6J_SLS_GC_Rep4_M36,Mus musculus,Soleus-both sides,Dna Methylation Profiling | RNA-Seq,Rna Sequencing (Rna Seq) | Whole Genome Bisulfite Sequencing,Illumina,GLDS-104_wgbs_M36-SLS-wgbs.tar.gz | GLDS-104_rna-seq_M36-SLS.tar.gz
OSD-104,RR1_GC_M37,Mmus_C57-6J_SLS_GC_Rep5_M37,Mus musculus,Soleus-both sides,Dna Methylation Profiling | RNA-Seq,Rna Sequencing (Rna Seq) | Whole Genome Bisulfite Sequencing,Illumina,GLDS-104_wgbs_M37-SLS-wgbs.tar.gz | GLDS-104_rna-seq_M37-SLS.tar.gz
OSD-104,RR1_GC_M38,Mmus_C57-6J_SLS_GC_Rep6_M38,Mus musculus,Soleus-both sides,Dna Methylation Profiling | RNA-Seq,Rna Sequencing (Rna Seq) | Whole Genome Bisulfite Sequencing,Illumina,GLDS-104_wgbs_M38-SLS-wgbs.tar.gz | GLDS-104_rna-seq_M38-SLS.tar.gz
OSD-104,RR1_FLT_M23,Mmus_C57-6J_SLS_FLT_Rep1_M23,Mus musculus,Soleus-both sides,Dna Methylation Profiling | RNA-Seq,Rna Sequencing (Rna Seq) | Whole Genome Bisulfite Sequencing,Illumina,GLDS-104_wgbs_M23-SLS-wgbs.tar.gz | GLDS-104_rna-seq_M23-SLS.tar.gz
OSD-104,RR1_FLT_M24,Mmus_C57-6J_SLS_FLT_Rep2_M24,Mus musculus,Soleus-both sides,Dna Methylation Profiling | RNA-Seq,Rna Sequencing (Rna Seq) | Whole Genome Bisulfite Sequencing,Illumina,GLDS-104_wgbs_M24-SLS-wgbs.tar.gz | GLDS-104_rna-seq_M24-SLS.tar.gz
OSD-104,RR1_FLT_M25,Mmus_C57-6J_SLS_FLT_Rep3_M25,Mus musculus,Soleus-both sides,Dna Methylation Profiling | RNA-Seq,Rna Sequencing (Rna Seq) | Whole Genome Bisulfite Sequencing,Illumina,GLDS-104_wgbs_M25-SLS-wgbs.tar.gz | GLDS-104_rna-seq_M25-SLS.tar.gz
OSD-104,RR1_FLT_M26,Mmus_C57-6J_SLS_FLT_Rep4_M26,Mus musculus,Soleus-both sides,Dna Methylation Profiling | RNA-Seq,Rna Sequencing (Rna Seq) | Whole Genome Bisulfite Sequencing,Illumina,GLDS-104_wgbs_M26-SLS-wgbs.tar.gz | GLDS-104_rna-seq_M26-SLS.tar.gz
OSD-104,RR1_FLT_M27,Mmus_C57-6J_SLS_FLT_Rep5_M27,Mus musculus,Soleus-both sides,Dna Methylation Profiling | RNA-Seq,Rna Sequencing (Rna Seq) | Whole Genome Bisulfite Sequencing,Illumina,GLDS-104_wgbs_M27-SLS-wgbs.tar.gz | GLDS-104_rna-seq_M27-SLS.tar.gz
OSD-104,RR1_FLT_M28,Mmus_C57-6J_SLS_FLT_Rep6_M28,Mus musculus,Soleus-both sides,Dna Methylation Profiling | RNA-Seq,Rna Sequencing (Rna Seq) | Whole Genome Bisulfite Sequencing,Illumina,GLDS-104_wgbs_M28-SLS-wgbs.tar.gz | GLDS-104_rna-seq_M28-SLS.tar.gz
OSD-105,RR1_GC_M33,Mmus_C57-6J_TA_GC_Rep1_M33,Mus musculus,Left tibialis anterior,Dna Methylation Profiling | Protein Expression Profiling | RNA-Seq | Rna Methylation Profiling,Mass Spectrometry | Rna Sequencing (Rna Seq) | Whole Genome Bisulfite Sequencing | Whole Transcriptome Bisulfite Sequencing,illumina | ltq-orbitrap-fusion,GLDS-105_wtbs_N31_TAGCTT_L003_R1_001.fastq.gz | GLDS-105_rna-seq_M33-TA.tar.gz | GLDS-105_wgbs_M33-TA-wgbs.tar.gz
OSD-105,RR1_GC_M34,Mmus_C57-6J_TA_GC_Rep2_M34,Mus musculus,Left tibialis anterior,Dna Methylation Profiling | Protein Expression Profiling | RNA-Seq | Rna Methylation Profiling,Mass Spectrometry | Rna Sequencing (Rna Seq) | Whole Genome Bisulfite Sequencing | Whole Transcriptome Bisulfite Sequencing,illumina | ltq-orbitrap-fusion,GLDS-105_wtbs_N32_CTTGTA_L003_R1_001.fastq.gz | GLDS-105_rna-seq_M34-TA.tar.gz | GLDS-105_wgbs_M34-TA-wgbs.tar.gz
OSD-105,RR1_GC_M35,Mmus_C57-6J_TA_GC_Rep3_M35,Mus musculus,Left tibialis anterior,Dna Methylation Profiling | Protein Expression Profiling | RNA-Seq | Rna Methylation Profiling,Mass Spectrometry | Rna Sequencing (Rna Seq) | Whole Genome Bisulfite Sequencing | Whole Transcriptome Bisulfite Sequencing,illumina | ltq-orbitrap-fusion,GLDS-105_wtbs_N33_CGATGT_L004_R1_001.fastq.gz | GLDS-105_rna-seq_M35-TA.tar.gz | GLDS-105_wgbs_M35-TA-wgbs.tar.gz
OSD-105,RR1_GC_M36,Mmus_C57-6J_TA_GC_Rep4_M36,Mus musculus,Left tibialis anterior,Dna Methylation Profiling | Protein Expression Profiling | RNA-Seq | Rna Methylation Profiling,Mass Spectrometry | Rna Sequencing (Rna Seq) | Whole Genome Bisulfite Sequencing | Whole Transcriptome Bisulfite Sequencing,illumina | ltq-orbitrap-fusion,GLDS-105_wtbs_N34_TGACCA_L004_R1_001.fastq.gz | GLDS-105_rna-seq_M36-TA.tar.gz | GLDS-105_wgbs_M36-TA-wgbs.tar.gz
OSD-105,RR1_GC_M37,Mmus_C57-6J_TA_GC_Rep5_M37,Mus musculus,Left tibialis anterior,Dna Methylation Profiling | Protein Expression Profiling | RNA-Seq | Rna Methylation Profiling,Mass Spectrometry | Rna Sequencing (Rna Seq) | Whole Genome Bisulfite Sequencing | Whole Transcriptome Bisulfite Sequencing,illumina | ltq-orbitrap-fusion,GLDS-105_wtbs_N35_ACAGTG_L004_R1_001.fastq.gz | GLDS-105_rna-seq_M37-TA.tar.gz | GLDS-105_wgbs_M37-TA-wgbs.tar.gz
OSD-105,RR1_GC_M38,Mmus_C57-6J_TA_GC_Rep6_M38,Mus musculus,Left tibialis anterior,Dna Methylation Profiling | Protein Expression Profiling | RNA-Seq | Rna Methylation Profiling,Mass Spectrometry | Rna Sequencing (Rna Seq) | Whole Genome Bisulfite Sequencing | Whole Transcriptome Bisulfite Sequencing,illumina | ltq-orbitrap-fusion,GLDS-105_wtbs_N36_GCCAAT_L004_R1_001.fastq.gz | GLDS-105_rna-seq_M38-TA.tar.gz | GLDS-105_wgbs_M38-TA-wgbs.tar.gz
OSD-105,RR1_FLT_M23,Mmus_C57-6J_TA_FLT_Rep1_M23,Mus musculus,Left tibialis anterior,Dna Methylation Profiling | Protein Expression Profiling | RNA-Seq | Rna Methylation Profiling,Mass Spectrometry | Rna Sequencing (Rna Seq) | Whole Genome Bisulfite Sequencing | Whole Transcriptome Bisulfite Sequencing,illumina | ltq-orbitrap-fusion,GLDS-105_wtbs_N25_CGATGT_L003_R1_001.fastq.gz | GLDS-105_rna-seq_M23-TA.tar.gz | GLDS-105_wgbs_M23-TA-wgbs.tar.gz
OSD-105,RR1_FLT_M24,Mmus_C57-6J_TA_FLT_Rep2_M24,Mus musculus,Left tibialis anterior,Dna Methylation Profiling | Protein Expression Profiling | RNA-Seq | Rna Methylation Profiling,Mass Spectrometry | Rna Sequencing (Rna Seq) | Whole Genome Bisulfite Sequencing | Whole Transcriptome Bisulfite Sequencing,illumina | ltq-orbitrap-fusion,GLDS-105_wtbs_N26_TGACCA_L003_R1_001.fastq.gz | GLDS-105_rna-seq_M24-TA.tar.gz | GLDS-105_wgbs_M24-TA-wgbs.tar.gz
OSD-105,RR1_FLT_M25,Mmus_C57-6J_TA_FLT_Rep3_M25,Mus musculus,Left tibialis anterior,Dna Methylation Profiling | Protein Expression Profiling | RNA-Seq | Rna Methylation Profiling,Mass Spectrometry | Rna Sequencing (Rna Seq) | Whole Genome Bisulfite Sequencing | Whole Transcriptome Bisulfite Sequencing,illumina | ltq-orbitrap-fusion,GLDS-105_wtbs_N27_ACAGTG_L003_R1_001.fastq.gz | GLDS-105_rna-seq_M25-TA.tar.gz | GLDS-105_wgbs_M25-TA-wgbs.tar.gz
OSD-105,RR1_FLT_M26,Mmus_C57-6J_TA_FLT_Rep4_M26,Mus musculus,Left tibialis anterior,Dna Methylation Profiling | Protein Expression Profiling | RNA-Seq | Rna Methylation Profiling,Mass Spectrometry | Rna Sequencing (Rna Seq) | Whole Genome Bisulfite Sequencing | Whole Transcriptome Bisulfite Sequencing,illumina | ltq-orbitrap-fusion,GLDS-105_wtbs_N28_GCCAAT_L003_R1_001.fastq.gz | GLDS-105_rna-seq_M26-TA.tar.gz | GLDS-105_wgbs_M26-TA-wgbs.tar.gz
OSD-105,RR1_FLT_M27,Mmus_C57-6J_TA_FLT_Rep5_M27,Mus musculus,Left tibialis anterior,Dna Methylation Profiling | Protein Expression Profiling | RNA-Seq | Rna Methylation Profiling,Mass Spectrometry | Rna Sequencing (Rna Seq) | Whole Genome Bisulfite Sequencing | Whole Transcriptome Bisulfite Sequencing,illumina | ltq-orbitrap-fusion,GLDS-105_wtbs_N29_ACTTGA_L003_R1_001.fastq.gz | GLDS-105_rna-seq_M27-TA.tar.gz | GLDS-105_wgbs_M27-TA-wgbs.tar.gz
OSD-105,RR1_FLT_M28,Mmus_C57-6J_TA_FLT_Rep6_M28,Mus musculus,Left tibialis anterior,Dna Methylation Profiling | Protein Expression Profiling | RNA-Seq | Rna Methylation Profiling,Mass Spectrometry | Rna Sequencing (Rna Seq) | Whole Genome Bisulfite Sequencing | Whole Transcriptome Bisulfite Sequencing,illumina | ltq-orbitrap-fusion,GLDS-105_wtbs_N30_GATCAG_L003_R1_001.fastq.gz | GLDS-105_rna-seq_M28-TA.tar.gz | GLDS-105_wgbs_M28-TA-wgbs.tar.gz
OSD-105,Pool of all FLT samples,Pool of all FLT samples,Mus musculus,Left tibialis anterior,Protein Expression Profiling,Mass Spectrometry,ltq-orbitrap-fusion,
OSD-105,Pool of all GC samples,Pool of all GC samples,Mus musculus,Left tibialis anterior,Protein Expression Profiling,Mass Spectrometry,ltq-orbitrap-fusion,
OSD-105,Pool of all FLT and GC samples,Pool of all FLT and GC samples,Mus musculus,Left tibialis anterior,Protein Expression Profiling,Mass Spectrometry,ltq-orbitrap-fusion,
OSD-105,Empty Pool,Empty Pool,Not Applicable,Not Applicable,Protein Expression Profiling,Mass Spectrometry,ltq-orbitrap-fusion,
OSD-168,RR1_BSL_M4,Mmus_C57-6J_LVR_RR1_BSL_wERCC_Rep1_M4,Mus musculus,Liver,RNA-Seq,Rna Sequencing (Rna Seq),illumina,GLDS-168_rna-seq_RR1-BSL-M4-LVR-RNA-ALQ2.tar.gz
OSD-168,RR1_BSL_M5,Mmus_C57-6J_LVR_RR1_BSL_wERCC_Rep2_M5,Mus musculus,Liver,RNA-Seq,Rna Sequencing (Rna Seq),illumina,GLDS-168_rna-seq_RR1-BSL-M5-LVR-RNA-ALQ2.tar.gz
OSD-168,RR1_BSL_M7,Mmus_C57-6J_LVR_RR1_BSL_wERCC_Rep3_M7,Mus musculus,Liver,RNA-Seq,Rna Sequencing (Rna Seq),illumina,GLDS-168_rna-seq_RR1-BSL-M7-LVR-RNA-ALQ2.tar.gz
OSD-168,RR1_BSL_M8,Mmus_C57-6J_LVR_RR1_BSL_wERCC_Rep4_M8,Mus musculus,Liver,RNA-Seq,Rna Sequencing (Rna Seq),illumina,GLDS-168_rna-seq_RR1-BSL-M8-LVR-RNA-ALQ2.tar.gz
OSD-168,RR1_BSL_M10,Mmus_C57-6J_LVR_RR1_BSL_wERCC_Rep5_M10,Mus musculus,Liver,RNA-Seq,Rna Sequencing (Rna Seq),illumina,GLDS-168_rna-seq_RR1-BSL-M10-LVR-RNA-ALQ2.tar.gz
OSD-168,RR1_BSL_M4,Mmus_C57-6J_LVR_RR1_BSL_noERCC_Rep1_M4,Mus musculus,Liver,RNA-Seq,Rna Sequencing (Rna Seq),illumina,GLDS-168_rna-seq_RR1-BSL-M4-LVR-RNA-ALQ3.tar.gz
OSD-168,RR1_BSL_M5,Mmus_C57-6J_LVR_RR1_BSL_noERCC_Rep2_M5,Mus musculus,Liver,RNA-Seq,Rna Sequencing (Rna Seq),illumina,GLDS-168_rna-seq_RR1-BSL-M5-LVR-RNA-ALQ3.tar.gz
OSD-168,RR1_BSL_M7,Mmus_C57-6J_LVR_RR1_BSL_noERCC_Rep3_M7,Mus musculus,Liver,RNA-Seq,Rna Sequencing (Rna Seq),illumina,GLDS-168_rna-seq_RR1-BSL-M7-LVR-RNA-ALQ3.tar.gz
OSD-168,RR1_BSL_M8,Mmus_C57-6J_LVR_RR1_BSL_noERCC_Rep4_M8,Mus musculus,Liver,RNA-Seq,Rna Sequencing (Rna Seq),illumina,GLDS-168_rna-seq_RR1-BSL-M8-LVR-RNA-ALQ3.tar.gz
OSD-168,RR1_BSL_M10,Mmus_C57-6J_LVR_RR1_BSL_noERCC_Rep5_M10,Mus musculus,Liver,RNA-Seq,Rna Sequencing (Rna Seq),illumina,GLDS-168_rna-seq_RR1-BSL-M10-LVR-RNA-ALQ3.tar.gz
OSD-168,RR1_VIV_M16,Mmus_C57-6J_LVR_RR1_VIV_wERCC_Rep1_M16,Mus musculus,Liver,RNA-Seq,Rna Sequencing (Rna Seq),illumina,GLDS-168_rna-seq_RR1-VIV-M16-LVR-RNA-ALQ2.tar.gz
OSD-168,RR1_VIV_M17,Mmus_C57-6J_LVR_RR1_VIV_wERCC_Rep2_M17,Mus musculus,Liver,RNA-Seq,Rna Sequencing (Rna Seq),illumina,GLDS-168_rna-seq_RR1-VIV-M17-LVR-RNA-ALQ2.tar.gz
OSD-168,RR1_VIV_M18,Mmus_C57-6J_LVR_RR1_VIV_wERCC_Rep3_M18,Mus musculus,Liver,RNA-Seq,Rna Sequencing (Rna Seq),illumina,GLDS-168_rna-seq_RR1-VIV-M18-LVR-RNA-ALQ2.tar.gz
OSD-168,RR1_VIV_M19,Mmus_C57-6J_LVR_RR1_VIV_wERCC_Rep4_M19,Mus musculus,Liver,RNA-Seq,Rna Sequencing (Rna Seq),illumina,GLDS-168_rna-seq_RR1-VIV-M19-LVR-RNA-ALQ2.tar.gz
OSD-168,RR1_VIV_M20,Mmus_C57-6J_LVR_RR1_VIV_wERCC_Rep5_M20,Mus musculus,Liver,RNA-Seq,Rna Sequencing (Rna Seq),illumina,GLDS-168_rna-seq_RR1-VIV-M20-LVR-RNA-ALQ2.tar.gz
OSD-168,RR1_VIV_M16,Mmus_C57-6J_LVR_RR1_VIV_noERCC_Rep1_M16,Mus musculus,Liver,RNA-Seq,Rna Sequencing (Rna Seq),illumina,GLDS-168_rna-seq_RR1-VIV-M16-LVR-RNA-ALQ3.tar.gz
OSD-168,RR1_VIV_M17,Mmus_C57-6J_LVR_RR1_VIV_noERCC_Rep2_M17,Mus musculus,Liver,RNA-Seq,Rna Sequencing (Rna Seq),illumina,GLDS-168_rna-seq_RR1-VIV-M17-LVR-RNA-ALQ3.tar.gz
OSD-168,RR1_VIV_M18,Mmus_C57-6J_LVR_RR1_VIV_noERCC_Rep3_M18,Mus musculus,Liver,RNA-Seq,Rna Sequencing (Rna Seq),illumina,GLDS-168_rna-seq_RR1-VIV-M18-LVR-RNA-ALQ3.tar.gz
OSD-168,RR1_VIV_M19,Mmus_C57-6J_LVR_RR1_VIV_noERCC_Rep4_M19,Mus musculus,Liver,RNA-Seq,Rna Sequencing (Rna Seq),illumina,GLDS-168_rna-seq_RR1-VIV-M19-LVR-RNA-ALQ3.tar.gz
OSD-168,RR1_VIV_M20,Mmus_C57-6J_LVR_RR1_VIV_noERCC_Rep5_M20,Mus musculus,Liver,RNA-Seq,Rna Sequencing (Rna Seq),illumina,GLDS-168_rna-seq_RR1-VIV-M20-LVR-RNA-ALQ3.tar.gz
OSD-168,RR1_GC_M36,Mmus_C57-6J_LVR_RR1_GC_wERCC_Rep1_M36,Mus musculus,Liver,RNA-Seq,Rna Sequencing (Rna Seq),illumina,GLDS-168_rna-seq_RR1-GC-M36-LVR-RNA-ALQ2.tar.gz
OSD-168,RR1_GC_M37,Mmus_C57-6J_LVR_RR1_GC_wERCC_Rep2_M37,Mus musculus,Liver,RNA-Seq,Rna Sequencing (Rna Seq),illumina,GLDS-168_rna-seq_RR1-GC-M37-LVR-RNA-ALQ2.tar.gz
OSD-168,RR1_GC_M38,Mmus_C57-6J_LVR_RR1_GC_wERCC_Rep3_M38,Mus musculus,Liver,RNA-Seq,Rna Sequencing (Rna Seq),illumina,GLDS-168_rna-seq_RR1-GC-M38-LVR-RNA-ALQ2.tar.gz
OSD-168,RR1_GC_M39,Mmus_C57-6J_LVR_RR1_GC_wERCC_Rep4_M39,Mus musculus,Liver,RNA-Seq,Rna Sequencing (Rna Seq),illumina,GLDS-168_rna-seq_RR1-GC-M39-LVR-RNA-ALQ2.tar.gz
OSD-168,RR1_GC_M40,Mmus_C57-6J_LVR_RR1_GC_wERCC_Rep5_M40,Mus musculus,Liver,RNA-Seq,Rna Sequencing (Rna Seq),illumina,GLDS-168_rna-seq_RR1-GC-M40-LVR-RNA-ALQ2.tar.gz
OSD-168,RR1_GC_M36,Mmus_C57-6J_LVR_RR1_GC_noERCC_Rep1_M36,Mus musculus,Liver,RNA-Seq,Rna Sequencing (Rna Seq),illumina,GLDS-168_rna-seq_RR1-GC-M36-LVR-RNA-ALQ3.tar.gz
OSD-168,RR1_GC_M37,Mmus_C57-6J_LVR_RR1_GC_noERCC_Rep2_M37,Mus musculus,Liver,RNA-Seq,Rna Sequencing (Rna Seq),illumina,GLDS-168_rna-seq_RR1-GC-M37-LVR-RNA-ALQ3.tar.gz
OSD-168,RR1_GC_M38,Mmus_C57-6J_LVR_RR1_GC_noERCC_Rep3_M38,Mus musculus,Liver,RNA-Seq,Rna Sequencing (Rna Seq),illumina,GLDS-168_rna-seq_RR1-GC-M38-LVR-RNA-ALQ3.tar.gz
OSD-168,RR1_GC_M39,Mmus_C57-6J_LVR_RR1_GC_noERCC_Rep4_M39,Mus musculus,Liver,RNA-Seq,Rna Sequencing (Rna Seq),illumina,GLDS-168_rna-seq_RR1-GC-M39-LVR-RNA-ALQ3.tar.gz
OSD-168,RR1_GC_M40,Mmus_C57-6J_LVR_RR1_GC_noERCC_Rep5_M40,Mus musculus,Liver,RNA-Seq,Rna Sequencing (Rna Seq),illumina,GLDS-168_rna-seq_RR1-GC-M40-LVR-RNA-ALQ3.tar.gz
OSD-168,RR1_FLT_M25,Mmus_C57-6J_LVR_RR1_FLT_wERCC_Rep1_M25,Mus musculus,Liver,RNA-Seq,Rna Sequencing (Rna Seq),illumina,GLDS-168_rna-seq_RR1-FLT-M25-LVR-RNA-ALQ2.tar.gz
OSD-168,RR1_FLT_M26,Mmus_C57-6J_LVR_RR1_FLT_wERCC_Rep2_M26,Mus musculus,Liver,RNA-Seq,Rna Sequencing (Rna Seq),illumina,GLDS-168_rna-seq_RR1-FLT-M26-LVR-RNA-ALQ2.tar.gz
OSD-168,RR1_FLT_M28,Mmus_C57-6J_LVR_RR1_FLT_wERCC_Rep3_M28,Mus musculus,Liver,RNA-Seq,Rna Sequencing (Rna Seq),illumina,GLDS-168_rna-seq_RR1-FLT-M28-LVR-RNA-ALQ2.tar.gz
OSD-168,RR1_FLT_M29,Mmus_C57-6J_LVR_RR1_FLT_wERCC_Rep4_M29,Mus musculus,Liver,RNA-Seq,Rna Sequencing (Rna Seq),illumina,GLDS-168_rna-seq_RR1-FLT-M29-LVR-RNA-ALQ2.tar.gz
OSD-168,RR1_FLT_M30,Mmus_C57-6J_LVR_RR1_FLT_wERCC_Rep5_M30,Mus musculus,Liver,RNA-Seq,Rna Sequencing (Rna Seq),illumina,GLDS-168_rna-seq_RR1-FLT-M30-LVR-RNA-ALQ2.tar.gz
OSD-168,RR1_FLT_M25,Mmus_C57-6J_LVR_RR1_FLT_noERCC_Rep1_M25,Mus musculus,Liver,RNA-Seq,Rna Sequencing (Rna Seq),illumina,GLDS-168_rna-seq_RR1-FLT-M25-LVR-RNA-ALQ3.tar.gz
OSD-168,RR1_FLT_M26,Mmus_C57-6J_LVR_RR1_FLT_noERCC_Rep2_M26,Mus musculus,Liver,RNA-Seq,Rna Sequencing (Rna Seq),illumina,GLDS-168_rna-seq_RR1-FLT-M26-LVR-RNA-ALQ3.tar.gz
OSD-168,RR1_FLT_M28,Mmus_C57-6J_LVR_RR1_FLT_noERCC_Rep3_M28,Mus musculus,Liver,RNA-Seq,Rna Sequencing (Rna Seq),illumina,GLDS-168_rna-seq_RR1-FLT-M28-LVR-RNA-ALQ3.tar.gz
OSD-168,RR1_FLT_M29,Mmus_C57-6J_LVR_RR1_FLT_noERCC_Rep4_M29,Mus musculus,Liver,RNA-Seq,Rna Sequencing (Rna Seq),illumina,GLDS-168_rna-seq_RR1-FLT-M29-LVR-RNA-ALQ3.tar.gz
OSD-168,RR1_FLT_M30,Mmus_C57-6J_LVR_RR1_FLT_noERCC_Rep5_M30,Mus musculus,Liver,RNA-Seq,Rna Sequencing (Rna Seq),illumina,GLDS-168_rna-seq_RR1-FLT-M30-LVR-RNA-ALQ3.tar.gz
OSD-168,RR3_BSL_B2,Mmus_BAL-TAL_LVR_RR3_BSL_wERCC_Rep1_B2,Mus musculus,Liver,RNA-Seq,Rna Sequencing (Rna Seq),illumina,GLDS-168_rna-seq_RR3-BSL-B2-LVR-RNA.tar.gz
OSD-168,RR3_BSL_B4,Mmus_BAL-TAL_LVR_RR3_BSL_wERCC_Rep2_B4,Mus musculus,Liver,RNA-Seq,Rna Sequencing (Rna Seq),illumina,GLDS-168_rna-seq_RR3-BSL-B4-LVR-RNA.tar.gz
OSD-168,RR3_BSL_B6,Mmus_BAL-TAL_LVR_RR3_BSL_wERCC_Rep3_B6,Mus musculus,Liver,RNA-Seq,Rna Sequencing (Rna Seq),illumina,GLDS-168_rna-seq_RR3-BSL-B6-LVR-RNA.tar.gz
OSD-168,RR3_BSL_B7,Mmus_BAL-TAL_LVR_RR3_BSL_wERCC_Rep4_B7,Mus musculus,Liver,RNA-Seq,Rna Sequencing (Rna Seq),illumina,GLDS-168_rna-seq_RR3-BSL-B7-LVR-RNA.tar.gz
OSD-168,RR3_GC_G1,Mmus_BAL-TAL_LVR_RR3_GC_wERCC_Rep1_G1,Mus musculus,Liver,RNA-Seq,Rna Sequencing (Rna Seq),illumina,GLDS-168_rna-seq_RR3-GC-G1-LVR-RNA.tar.gz
OSD-168,RR3_GC_G2,Mmus_BAL-TAL_LVR_RR3_GC_wERCC_Rep2_G2,Mus musculus,Liver,RNA-Seq,Rna Sequencing (Rna Seq),illumina,GLDS-168_rna-seq_RR3-GC-G2-LVR-RNA.tar.gz
OSD-168,RR3_GC_G3,Mmus_BAL-TAL_LVR_RR3_GC_wERCC_Rep3_G3,Mus musculus,Liver,RNA-Seq,Rna Sequencing (Rna Seq),illumina,GLDS-168_rna-seq_RR3-GC-G3-LVR-RNA.tar.gz
OSD-168,RR3_GC_G5,Mmus_BAL-TAL_LVR_RR3_GC_wERCC_Rep4_G5,Mus musculus,Liver,RNA-Seq,Rna Sequencing (Rna Seq),illumina,GLDS-168_rna-seq_RR3-GC-G5-LVR-RNA.tar.gz
OSD-168,RR3_FLT_F1,Mmus_BAL-TAL_LVR_RR3_FLT_wERCC_Rep1_F1,Mus musculus,Liver,RNA-Seq,Rna Sequencing (Rna Seq),illumina,GLDS-168_rna-seq_RR3-FLT-F1-LVR-RNA.tar.gz
OSD-168,RR3_FLT_F2,Mmus_BAL-TAL_LVR_RR3_FLT_wERCC_Rep2_F2,Mus musculus,Liver,RNA-Seq,Rna Sequencing (Rna Seq),illumina,GLDS-168_rna-seq_RR3-FLT-F2-LVR-RNA.tar.gz
OSD-168,RR3_FLT_F3,Mmus_BAL-TAL_LVR_RR3_FLT_wERCC_Rep3_F3,Mus musculus,Liver,RNA-Seq,Rna Sequencing (Rna Seq),illumina,GLDS-168_rna-seq_RR3-FLT-F3-LVR-RNA.tar.gz
OSD-168,RR3_FLT_F4,Mmus_BAL-TAL_LVR_RR3_FLT_wERCC_Rep4_F4,Mus musculus,Liver,RNA-Seq,Rna Sequencing (Rna Seq),illumina,GLDS-168_rna-seq_RR3-FLT-F4-LVR-RNA.tar.gz
OSD-488,GC11,GC11_sol,Mus musculus,Soleus,Calcium Uptake | Protein Quantification,Spectrofluorimetric Assay | Western Blot,BioRad ChemiDoc-2 | BioRad ChemiDoc-3 | BioRad ChemiDoc-4 | BioRad ChemiDoc-5 | BioRad ChemiDoc-6 | BioRad ChemiDoc-7 | BioRad ChemiDoc-8 | Molecular Devices M2 plate reader,Not Available
OSD-488,GC12,GC12_sol,Mus musculus,Soleus,Calcium Uptake | Protein Quantification,Spectrofluorimetric Assay | Western Blot,BioRad ChemiDoc-2 | BioRad ChemiDoc-3 | BioRad ChemiDoc-4 | BioRad ChemiDoc-5 | BioRad ChemiDoc-6 | BioRad ChemiDoc-7 | BioRad ChemiDoc-8 | Molecular Devices M2 plate reader,Not Available
OSD-488,GC13,GC13_sol,Mus musculus,Soleus,Calcium Uptake | Protein Quantification,Spectrofluorimetric Assay | Western Blot,BioRad ChemiDoc-2 | BioRad ChemiDoc-3 | BioRad ChemiDoc-4 | BioRad ChemiDoc-5 | BioRad ChemiDoc-6 | BioRad ChemiDoc-7 | BioRad ChemiDoc-8 | Molecular Devices M2 plate reader,Not Available
OSD-488,GC14,GC14_sol,Mus musculus,Soleus,Calcium Uptake | Protein Quantification,Spectrofluorimetric Assay | Western Blot,BioRad ChemiDoc-2 | BioRad ChemiDoc-3 | BioRad ChemiDoc-4 | BioRad ChemiDoc-5 | BioRad ChemiDoc-6 | BioRad ChemiDoc-7 | BioRad ChemiDoc-8 | Molecular Devices M2 plate reader,Not Available
OSD-488,GC15,GC15_sol,Mus musculus,Soleus,Calcium Uptake | Protein Quantification,Spectrofluorimetric Assay | Western Blot,BioRad ChemiDoc-2 | BioRad ChemiDoc-3 | BioRad ChemiDoc-4 | BioRad ChemiDoc-5 | BioRad ChemiDoc-6 | BioRad ChemiDoc-7 | BioRad ChemiDoc-8 | Molecular Devices M2 plate reader,Not Available
OSD-488,GC16,GC16_sol,Mus musculus,Soleus,Calcium Uptake | Protein Quantification,Spectrofluorimetric Assay | Western Blot,BioRad ChemiDoc-2 | BioRad ChemiDoc-3 | BioRad ChemiDoc-4 | BioRad ChemiDoc-5 | BioRad ChemiDoc-6 | BioRad ChemiDoc-7 | BioRad ChemiDoc-8 | Molecular Devices M2 plate reader,Not Available
OSD-488,GC17,GC17_sol,Mus musculus,Soleus,Calcium Uptake | Protein Quantification,Spectrofluorimetric Assay | Western Blot,BioRad ChemiDoc-2 | BioRad ChemiDoc-3 | BioRad ChemiDoc-4 | BioRad ChemiDoc-5 | BioRad ChemiDoc-6 | BioRad ChemiDoc-7 | BioRad ChemiDoc-8 | Molecular Devices M2 plate reader,Not Available
OSD-488,GC18,GC18_sol,Mus musculus,Soleus,Calcium Uptake | Protein Quantification,Spectrofluorimetric Assay | Western Blot,BioRad ChemiDoc-2 | BioRad ChemiDoc-3 | BioRad ChemiDoc-4 | BioRad ChemiDoc-5 | BioRad ChemiDoc-6 | BioRad ChemiDoc-7 | BioRad ChemiDoc-8 | Molecular Devices M2 plate reader,Not Available
OSD-488,GC19,GC19_sol,Mus musculus,Soleus,Calcium Uptake | Protein Quantification,Spectrofluorimetric Assay | Western Blot,BioRad ChemiDoc-2 | BioRad ChemiDoc-3 | BioRad ChemiDoc-4 | BioRad ChemiDoc-5 | BioRad ChemiDoc-6 | BioRad ChemiDoc-7 | BioRad ChemiDoc-8 | Molecular Devices M2 plate reader,Not Available
OSD-488,GC20,GC20_sol,Mus musculus,Soleus,Calcium Uptake | Protein Quantification,Spectrofluorimetric Assay | Western Blot,BioRad ChemiDoc-2 | BioRad ChemiDoc-3 | BioRad ChemiDoc-4 | BioRad ChemiDoc-5 | BioRad ChemiDoc-6 | BioRad ChemiDoc-7 | BioRad ChemiDoc-8 | Molecular Devices M2 plate reader,Not Available
OSD-488,Viv11,Viv11_sol,Mus musculus,Soleus,Calcium Uptake | Protein Quantification,Spectrofluorimetric Assay | Western Blot,BioRad ChemiDoc-2 | BioRad ChemiDoc-3 | BioRad ChemiDoc-4 | BioRad ChemiDoc-5 | BioRad ChemiDoc-6 | BioRad ChemiDoc-7 | BioRad ChemiDoc-8 | Molecular Devices M2 plate reader,Not Available
OSD-488,Viv12,Viv12_sol,Mus musculus,Soleus,Calcium Uptake | Protein Quantification,Spectrofluorimetric Assay | Western Blot,BioRad ChemiDoc-2 | BioRad ChemiDoc-3 | BioRad ChemiDoc-4 | BioRad ChemiDoc-5 | BioRad ChemiDoc-6 | BioRad ChemiDoc-7 | BioRad ChemiDoc-8 | Molecular Devices M2 plate reader,Not Available
OSD-488,Viv13,Viv13_sol,Mus musculus,Soleus,Calcium Uptake | Protein Quantification,Spectrofluorimetric Assay | Western Blot,BioRad ChemiDoc-2 | BioRad ChemiDoc-3 | BioRad ChemiDoc-4 | BioRad ChemiDoc-5 | BioRad ChemiDoc-6 | BioRad ChemiDoc-7 | BioRad ChemiDoc-8 | Molecular Devices M2 plate reader,Not Available
OSD-488,Viv14,Viv14_sol,Mus musculus,Soleus,Calcium Uptake | Protein Quantification,Spectrofluorimetric Assay | Western Blot,BioRad ChemiDoc-2 | BioRad ChemiDoc-3 | BioRad ChemiDoc-4 | BioRad ChemiDoc-5 | BioRad ChemiDoc-6 | BioRad ChemiDoc-7 | BioRad ChemiDoc-8 | Molecular Devices M2 plate reader,Not Available
OSD-488,Viv15,Viv15_sol,Mus musculus,Soleus,Protein Quantification,Western Blot,BioRad ChemiDoc-2 | BioRad ChemiDoc-3 | BioRad ChemiDoc-4 | BioRad ChemiDoc-5 | BioRad ChemiDoc-6 | BioRad ChemiDoc-7 | BioRad ChemiDoc-8,Not Available
OSD-488,Viv16,Viv16_sol,Mus musculus,Soleus,Calcium Uptake | Protein Quantification,Spectrofluorimetric Assay | Western Blot,BioRad ChemiDoc-2 | BioRad ChemiDoc-3 | BioRad ChemiDoc-4 | BioRad ChemiDoc-5 | BioRad ChemiDoc-6 | BioRad ChemiDoc-7 | BioRad ChemiDoc-8 | Molecular Devices M2 plate reader,Not Available
OSD-488,Viv17,Viv17_sol,Mus musculus,Soleus,Calcium Uptake | Protein Quantification,Spectrofluorimetric Assay | Western Blot,BioRad ChemiDoc-2 | BioRad ChemiDoc-3 | BioRad ChemiDoc-4 | BioRad ChemiDoc-5 | BioRad ChemiDoc-6 | BioRad ChemiDoc-7 | BioRad ChemiDoc-8 | Molecular Devices M2 plate reader,Not Available
OSD-488,Viv18,Viv18_sol,Mus musculus,Soleus,Calcium Uptake | Protein Quantification,Spectrofluorimetric Assay | Western Blot,BioRad ChemiDoc-2 | BioRad ChemiDoc-3 | BioRad ChemiDoc-4 | BioRad ChemiDoc-5 | BioRad ChemiDoc-6 | BioRad ChemiDoc-7 | BioRad ChemiDoc-8 | Molecular Devices M2 plate reader,Not Available
OSD-488,Viv19,Viv19_sol,Mus musculus,Soleus,Calcium Uptake | Protein Quantification,Spectrofluorimetric Assay | Western Blot,BioRad ChemiDoc-2 | BioRad ChemiDoc-3 | BioRad ChemiDoc-4 | BioRad ChemiDoc-5 | BioRad ChemiDoc-6 | BioRad ChemiDoc-7 | BioRad ChemiDoc-8 | Molecular Devices M2 plate reader,Not Available
OSD-488,Viv20,Viv20_sol,Mus musculus,Soleus,Calcium Uptake | Protein Quantification,Spectrofluorimetric Assay | Western Blot,BioRad ChemiDoc-2 | BioRad ChemiDoc-3 | BioRad ChemiDoc-4 | BioRad ChemiDoc-5 | BioRad ChemiDoc-6 | BioRad ChemiDoc-7 | BioRad ChemiDoc-8 | Molecular Devices M2 plate reader,Not Available
OSD-488,F11,F11_sol,Mus musculus,Soleus,Calcium Uptake | Protein Quantification,Spectrofluorimetric Assay | Western Blot,BioRad ChemiDoc-2 | BioRad ChemiDoc-3 | BioRad ChemiDoc-4 | BioRad ChemiDoc-5 | BioRad ChemiDoc-6 | BioRad ChemiDoc-7 | BioRad ChemiDoc-8 | Molecular Devices M2 plate reader,Not Available
OSD-488,F12,F12_sol,Mus musculus,Soleus,Calcium Uptake | Protein Quantification,Spectrofluorimetric Assay | Western Blot,BioRad ChemiDoc-2 | BioRad ChemiDoc-3 | BioRad ChemiDoc-4 | BioRad ChemiDoc-5 | BioRad ChemiDoc-6 | BioRad ChemiDoc-7 | BioRad ChemiDoc-8 | Molecular Devices M2 plate reader,Not Available
OSD-488,F13,F13_sol,Mus musculus,Soleus,Calcium Uptake | Protein Quantification,Spectrofluorimetric Assay | Western Blot,BioRad ChemiDoc-2 | BioRad ChemiDoc-3 | BioRad ChemiDoc-4 | BioRad ChemiDoc-5 | BioRad ChemiDoc-6 | BioRad ChemiDoc-7 | BioRad ChemiDoc-8 | Molecular Devices M2 plate reader,Not Available
OSD-488,F14,F14_sol,Mus musculus,Soleus,Protein Quantification,Western Blot,BioRad ChemiDoc-2 | BioRad ChemiDoc-3 | BioRad ChemiDoc-4 | BioRad ChemiDoc-5 | BioRad ChemiDoc-6 | BioRad ChemiDoc-7 | BioRad ChemiDoc-8,Not Available
OSD-488,F15,F15_sol,Mus musculus,Soleus,Calcium Uptake | Protein Quantification,Spectrofluorimetric Assay | Western Blot,BioRad ChemiDoc-2 | BioRad ChemiDoc-3 | BioRad ChemiDoc-4 | BioRad ChemiDoc-5 | BioRad ChemiDoc-6 | BioRad ChemiDoc-7 | BioRad ChemiDoc-8 | Molecular Devices M2 plate reader,Not Available
OSD-488,F16,F16_sol,Mus musculus,Soleus,Calcium Uptake | Protein Quantification,Spectrofluorimetric Assay | Western Blot,BioRad ChemiDoc-2 | BioRad ChemiDoc-3 | BioRad ChemiDoc-4 | BioRad ChemiDoc-5 | BioRad ChemiDoc-6 | BioRad ChemiDoc-7 | BioRad ChemiDoc-8 | Molecular Devices M2 plate reader,Not Available
OSD-488,F17,F17_sol,Mus musculus,Soleus,Calcium Uptake | Protein Quantification,Spectrofluorimetric Assay | Western Blot,BioRad ChemiDoc-2 | BioRad ChemiDoc-3 | BioRad ChemiDoc-4 | BioRad ChemiDoc-5 | BioRad ChemiDoc-6 | BioRad ChemiDoc-7 | BioRad ChemiDoc-8 | Molecular Devices M2 plate reader,Not Available
OSD-488,F18,F18_sol,Mus musculus,Soleus,Calcium Uptake | Protein Quantification,Spectrofluorimetric Assay | Western Blot,BioRad ChemiDoc-2 | BioRad ChemiDoc-3 | BioRad ChemiDoc-4 | BioRad ChemiDoc-5 | BioRad ChemiDoc-6 | BioRad ChemiDoc-7 | BioRad ChemiDoc-8 | Molecular Devices M2 plate reader,Not Available
OSD-488,F19,F19_sol,Mus musculus,Soleus,Calcium Uptake | Protein Quantification,Spectrofluorimetric Assay | Western Blot,BioRad ChemiDoc-2 | BioRad ChemiDoc-3 | BioRad ChemiDoc-4 | BioRad ChemiDoc-5 | BioRad ChemiDoc-6 | BioRad ChemiDoc-7 | BioRad ChemiDoc-8 | Molecular Devices M2 plate reader,Not Available
OSD-488,F20,F20_sol,Mus musculus,Soleus,Calcium Uptake | Protein Quantification,Spectrofluorimetric Assay | Western Blot,BioRad ChemiDoc-2 | BioRad ChemiDoc-3 | BioRad ChemiDoc-4 | BioRad ChemiDoc-5 | BioRad ChemiDoc-6 | BioRad ChemiDoc-7 | BioRad ChemiDoc-8 | Molecular Devices M2 plate reader,Not Available
OSD-488,RR1_GC_M11,M11_sol,Mus musculus,Soleus,Calcium Uptake | Protein Quantification,Spectrofluorimetric Assay | Western Blot,BioRad ChemiDoc-2 | BioRad ChemiDoc-3 | BioRad ChemiDoc-4 | BioRad ChemiDoc-5 | BioRad ChemiDoc-6 | BioRad ChemiDoc-7 | BioRad ChemiDoc-8 | Molecular Devices M2 plate reader,Not Available
OSD-488,RR1_GC_M12,M12_sol,Mus musculus,Soleus,Calcium Uptake | Protein Quantification,Spectrofluorimetric Assay | Western Blot,BioRad ChemiDoc-2 | BioRad ChemiDoc-3 | BioRad ChemiDoc-4 | BioRad ChemiDoc-5 | BioRad ChemiDoc-6 | BioRad ChemiDoc-7 | BioRad ChemiDoc-8 | Molecular Devices M2 plate reader,Not Available
OSD-488,RR1_GC_M13,M13_sol,Mus musculus,Soleus,Calcium Uptake | Protein Quantification,Spectrofluorimetric Assay | Western Blot,BioRad ChemiDoc-2 | BioRad ChemiDoc-3 | BioRad ChemiDoc-4 | BioRad ChemiDoc-5 | BioRad ChemiDoc-6 | BioRad ChemiDoc-7 | BioRad ChemiDoc-8 | Molecular Devices M2 plate reader,Not Available
OSD-488,RR1_GC_M14,M14_sol,Mus musculus,Soleus,Calcium Uptake | Protein Quantification,Spectrofluorimetric Assay | Western Blot,BioRad ChemiDoc-2 | BioRad ChemiDoc-3 | BioRad ChemiDoc-4 | BioRad ChemiDoc-5 | BioRad ChemiDoc-6 | BioRad ChemiDoc-7 | BioRad ChemiDoc-8 | Molecular Devices M2 plate reader,Not Available
OSD-488,RR1_VIV_M31,M31_sol,Mus musculus,Soleus,Calcium Uptake | Protein Quantification,Spectrofluorimetric Assay | Western Blot,BioRad ChemiDoc-2 | BioRad ChemiDoc-3 | BioRad ChemiDoc-4 | BioRad ChemiDoc-5 | BioRad ChemiDoc-6 | BioRad ChemiDoc-7 | BioRad ChemiDoc-8 | Molecular Devices M2 plate reader,Not Available
OSD-488,RR1_VIV_M32,M32_sol,Mus musculus,Soleus,Calcium Uptake | Protein Quantification,Spectrofluorimetric Assay | Western Blot,BioRad ChemiDoc-2 | BioRad ChemiDoc-3 | BioRad ChemiDoc-4 | BioRad ChemiDoc-5 | BioRad ChemiDoc-6 | BioRad ChemiDoc-7 | BioRad ChemiDoc-8 | Molecular Devices M2 plate reader,Not Available
OSD-488,RR1_VIV_M39,M39_sol,Mus musculus,Soleus,Calcium Uptake | Protein Quantification,Spectrofluorimetric Assay | Western Blot,BioRad ChemiDoc-2 | BioRad ChemiDoc-3 | BioRad ChemiDoc-4 | BioRad ChemiDoc-5 | BioRad ChemiDoc-6 | BioRad ChemiDoc-7 | BioRad ChemiDoc-8 | Molecular Devices M2 plate reader,Not Available
OSD-488,RR1_VIV_M40,M40_sol,Mus musculus,Soleus,Calcium Uptake | Protein Quantification,Spectrofluorimetric Assay | Western Blot,BioRad ChemiDoc-2 | BioRad ChemiDoc-3 | BioRad ChemiDoc-4 | BioRad ChemiDoc-5 | BioRad ChemiDoc-6 | BioRad ChemiDoc-7 | BioRad ChemiDoc-8 | Molecular Devices M2 plate reader,Not Available
OSD-488,RR1_FLT_M21,M21_sol,Mus musculus,Soleus,Calcium Uptake | Protein Quantification,Spectrofluorimetric Assay | Western Blot,BioRad ChemiDoc-2 | BioRad ChemiDoc-3 | BioRad ChemiDoc-4 | BioRad ChemiDoc-5 | BioRad ChemiDoc-6 | BioRad ChemiDoc-7 | BioRad ChemiDoc-8 | Molecular Devices M2 plate reader,Not Available
OSD-488,RR1_FLT_M22,M22_sol,Mus musculus,Soleus,Calcium Uptake | Protein Quantification,Spectrofluorimetric Assay | Western Blot,BioRad ChemiDoc-2 | BioRad ChemiDoc-3 | BioRad ChemiDoc-4 | BioRad ChemiDoc-5 | BioRad ChemiDoc-6 | BioRad ChemiDoc-7 | BioRad ChemiDoc-8 | Molecular Devices M2 plate reader,Not Available
OSD-488,RR1_FLT_M29,M29_sol,Mus musculus,Soleus,Calcium Uptake | Protein Quantification,Spectrofluorimetric Assay | Western Blot,BioRad ChemiDoc-2 | BioRad ChemiDoc-3 | BioRad ChemiDoc-4 | BioRad ChemiDoc-5 | BioRad ChemiDoc-6 | BioRad ChemiDoc-7 | BioRad ChemiDoc-8 | Molecular Devices M2 plate reader,Not Available
OSD-488,RR1_FLT_M30,M30_sol,Mus musculus,Soleus,Calcium Uptake | Protein Quantification,Spectrofluorimetric Assay | Western Blot,BioRad ChemiDoc-2 | BioRad ChemiDoc-3 | BioRad ChemiDoc-4 | BioRad ChemiDoc-5 | BioRad ChemiDoc-6 | BioRad ChemiDoc-7 | BioRad ChemiDoc-8 | Molecular Devices M2 plate reader,Not Available
OSD-488,GC11,GC11_ta,Mus musculus,Tibialis Anterior,Calcium Uptake | Protein Quantification,Spectrofluorimetric Assay | Western Blot,BioRad ChemiDoc | BioRad ChemiDoc-1 | BioRad ChemiDoc-5 | BioRad ChemiDoc-6 | BioRad ChemiDoc-7 | BioRad ChemiDoc-8 | BioRad ChemiDoc-9 | Molecular Devices M2 plate reader,Not Available
OSD-488,GC12,GC12_ta,Mus musculus,Tibialis Anterior,Calcium Uptake | Protein Quantification,Spectrofluorimetric Assay | Western Blot,BioRad ChemiDoc | BioRad ChemiDoc-1 | BioRad ChemiDoc-5 | BioRad ChemiDoc-6 | BioRad ChemiDoc-7 | BioRad ChemiDoc-8 | BioRad ChemiDoc-9 | Molecular Devices M2 plate reader,Not Available
OSD-488,GC13,GC13_ta,Mus musculus,Tibialis Anterior,Calcium Uptake | Protein Quantification,Spectrofluorimetric Assay | Western Blot,BioRad ChemiDoc | BioRad ChemiDoc-1 | BioRad ChemiDoc-5 | BioRad ChemiDoc-6 | BioRad ChemiDoc-7 | BioRad ChemiDoc-8 | BioRad ChemiDoc-9 | Molecular Devices M2 plate reader,Not Available
OSD-488,GC14,GC14_ta,Mus musculus,Tibialis Anterior,Calcium Uptake | Protein Quantification,Spectrofluorimetric Assay | Western Blot,BioRad ChemiDoc | BioRad ChemiDoc-1 | BioRad ChemiDoc-5 | BioRad ChemiDoc-6 | BioRad ChemiDoc-7 | BioRad ChemiDoc-8 | BioRad ChemiDoc-9 | Molecular Devices M2 plate reader,Not Available
OSD-488,GC15,GC15_ta,Mus musculus,Tibialis Anterior,Calcium Uptake | Protein Quantification,Spectrofluorimetric Assay | Western Blot,BioRad ChemiDoc | BioRad ChemiDoc-1 | BioRad ChemiDoc-5 | BioRad ChemiDoc-6 | BioRad ChemiDoc-7 | BioRad ChemiDoc-8 | BioRad ChemiDoc-9 | Molecular Devices M2 plate reader,Not Available
OSD-488,GC16,GC16_ta,Mus musculus,Tibialis Anterior,Calcium Uptake | Protein Quantification,Spectrofluorimetric Assay | Western Blot,BioRad ChemiDoc | BioRad ChemiDoc-1 | BioRad ChemiDoc-5 | BioRad ChemiDoc-6 | BioRad ChemiDoc-7 | BioRad ChemiDoc-8 | BioRad ChemiDoc-9 | Molecular Devices M2 plate reader,Not Available
OSD-488,GC17,GC17_ta,Mus musculus,Tibialis Anterior,Calcium Uptake | Protein Quantification,Spectrofluorimetric Assay | Western Blot,BioRad ChemiDoc | BioRad ChemiDoc-1 | BioRad ChemiDoc-5 | BioRad ChemiDoc-6 | BioRad ChemiDoc-7 | BioRad ChemiDoc-8 | BioRad ChemiDoc-9 | Molecular Devices M2 plate reader,Not Available
OSD-488,GC18,GC18_ta,Mus musculus,Tibialis Anterior,Calcium Uptake | Protein Quantification,Spectrofluorimetric Assay | Western Blot,BioRad ChemiDoc | BioRad ChemiDoc-1 | BioRad ChemiDoc-5 | BioRad ChemiDoc-6 | BioRad ChemiDoc-7 | BioRad ChemiDoc-8 | BioRad ChemiDoc-9 | Molecular Devices M2 plate reader,Not Available
OSD-488,GC19,GC19_ta,Mus musculus,Tibialis Anterior,Calcium Uptake | Protein Quantification,Spectrofluorimetric Assay | Western Blot,BioRad ChemiDoc | BioRad ChemiDoc-1 | BioRad ChemiDoc-5 | BioRad ChemiDoc-6 | BioRad ChemiDoc-7 | BioRad ChemiDoc-8 | BioRad ChemiDoc-9 | Molecular Devices M2 plate reader,Not Available
OSD-488,GC20,GC20_ta,Mus musculus,Tibialis Anterior,Calcium Uptake | Protein Quantification,Spectrofluorimetric Assay | Western Blot,BioRad ChemiDoc | BioRad ChemiDoc-1 | BioRad ChemiDoc-5 | BioRad ChemiDoc-6 | BioRad ChemiDoc-7 | BioRad ChemiDoc-8 | BioRad ChemiDoc-9 | Molecular Devices M2 plate reader,Not Available
OSD-488,Viv11,Viv11_ta,Mus musculus,Tibialis Anterior,Calcium Uptake | Protein Quantification,Spectrofluorimetric Assay | Western Blot,BioRad ChemiDoc | BioRad ChemiDoc-1 | BioRad ChemiDoc-5 | BioRad ChemiDoc-6 | BioRad ChemiDoc-7 | BioRad ChemiDoc-8 | BioRad ChemiDoc-9 | Molecular Devices M2 plate reader,Not Available
OSD-488,Viv12,Viv12_ta,Mus musculus,Tibialis Anterior,Calcium Uptake | Protein Quantification,Spectrofluorimetric Assay | Western Blot,BioRad ChemiDoc | BioRad ChemiDoc-1 | BioRad ChemiDoc-5 | BioRad ChemiDoc-6 | BioRad ChemiDoc-7 | BioRad ChemiDoc-8 | BioRad ChemiDoc-9 | Molecular Devices M2 plate reader,Not Available
OSD-488,Viv13,Viv13_ta,Mus musculus,Tibialis Anterior,Calcium Uptake | Protein Quantification,Spectrofluorimetric Assay | Western Blot,BioRad ChemiDoc | BioRad ChemiDoc-1 | BioRad ChemiDoc-5 | BioRad ChemiDoc-6 | BioRad ChemiDoc-7 | BioRad ChemiDoc-8 | BioRad ChemiDoc-9 | Molecular Devices M2 plate reader,Not Available
OSD-488,Viv14,Viv14_ta,Mus musculus,Tibialis Anterior,Calcium Uptake | Protein Quantification,Spectrofluorimetric Assay | Western Blot,BioRad ChemiDoc | BioRad ChemiDoc-1 | BioRad ChemiDoc-5 | BioRad ChemiDoc-6 | BioRad ChemiDoc-7 | BioRad ChemiDoc-8 | BioRad ChemiDoc-9 | Molecular Devices M2 plate reader,Not Available
OSD-488,Viv15,Viv15_ta,Mus musculus,Tibialis Anterior,Calcium Uptake | Protein Quantification,Spectrofluorimetric Assay | Western Blot,BioRad ChemiDoc | BioRad ChemiDoc-1 | BioRad ChemiDoc-5 | BioRad ChemiDoc-6 | BioRad ChemiDoc-7 | BioRad ChemiDoc-8 | BioRad ChemiDoc-9 | Molecular Devices M2 plate reader,Not Available
OSD-488,Viv16,Viv16_ta,Mus musculus,Tibialis Anterior,Calcium Uptake | Protein Quantification,Spectrofluorimetric Assay | Western Blot,BioRad ChemiDoc | BioRad ChemiDoc-1 | BioRad ChemiDoc-5 | BioRad ChemiDoc-6 | BioRad ChemiDoc-7 | BioRad ChemiDoc-8 | BioRad ChemiDoc-9 | Molecular Devices M2 plate reader,Not Available
OSD-488,Viv17,Viv17_ta,Mus musculus,Tibialis Anterior,Calcium Uptake | Protein Quantification,Spectrofluorimetric Assay | Western Blot,BioRad ChemiDoc | BioRad ChemiDoc-1 | BioRad ChemiDoc-5 | BioRad ChemiDoc-6 | BioRad ChemiDoc-7 | BioRad ChemiDoc-8 | BioRad ChemiDoc-9 | Molecular Devices M2 plate reader,Not Available
OSD-488,Viv18,Viv18_ta,Mus musculus,Tibialis Anterior,Calcium Uptake | Protein Quantification,Spectrofluorimetric Assay | Western Blot,BioRad ChemiDoc | BioRad ChemiDoc-1 | BioRad ChemiDoc-5 | BioRad ChemiDoc-6 | BioRad ChemiDoc-7 | BioRad ChemiDoc-8 | BioRad ChemiDoc-9 | Molecular Devices M2 plate reader,Not Available
OSD-488,Viv19,Viv19_ta,Mus musculus,Tibialis Anterior,Calcium Uptake | Protein Quantification,Spectrofluorimetric Assay | Western Blot,BioRad ChemiDoc | BioRad ChemiDoc-1 | BioRad ChemiDoc-5 | BioRad ChemiDoc-6 | BioRad ChemiDoc-7 | BioRad ChemiDoc-8 | BioRad ChemiDoc-9 | Molecular Devices M2 plate reader,Not Available
OSD-488,Viv20,Viv20_ta,Mus musculus,Tibialis Anterior,Calcium Uptake | Protein Quantification,Spectrofluorimetric Assay | Western Blot,BioRad ChemiDoc | BioRad ChemiDoc-1 | BioRad ChemiDoc-5 | BioRad ChemiDoc-6 | BioRad ChemiDoc-7 | BioRad ChemiDoc-8 | BioRad ChemiDoc-9 | Molecular Devices M2 plate reader,Not Available
OSD-488,F11,F11_ta,Mus musculus,Tibialis Anterior,Calcium Uptake | Protein Quantification,Spectrofluorimetric Assay | Western Blot,BioRad ChemiDoc | BioRad ChemiDoc-1 | BioRad ChemiDoc-5 | BioRad ChemiDoc-6 | BioRad ChemiDoc-7 | BioRad ChemiDoc-8 | BioRad ChemiDoc-9 | Molecular Devices M2 plate reader,Not Available
OSD-488,F12,F12_ta,Mus musculus,Tibialis Anterior,Calcium Uptake | Protein Quantification,Spectrofluorimetric Assay | Western Blot,BioRad ChemiDoc | BioRad ChemiDoc-1 | BioRad ChemiDoc-5 | BioRad ChemiDoc-6 | BioRad ChemiDoc-7 | BioRad ChemiDoc-8 | BioRad ChemiDoc-9 | Molecular Devices M2 plate reader,Not Available
OSD-488,F13,F13_ta,Mus musculus,Tibialis Anterior,Calcium Uptake | Protein Quantification,Spectrofluorimetric Assay | Western Blot,BioRad ChemiDoc | BioRad ChemiDoc-1 | BioRad ChemiDoc-5 | BioRad ChemiDoc-6 | BioRad ChemiDoc-7 | BioRad ChemiDoc-8 | BioRad ChemiDoc-9 | Molecular Devices M2 plate reader,Not Available
OSD-488,F14,F14_ta,Mus musculus,Tibialis Anterior,Calcium Uptake | Protein Quantification,Spectrofluorimetric Assay | Western Blot,BioRad ChemiDoc | BioRad ChemiDoc-1 | BioRad ChemiDoc-5 | BioRad ChemiDoc-6 | BioRad ChemiDoc-7 | BioRad ChemiDoc-8 | BioRad ChemiDoc-9 | Molecular Devices M2 plate reader,Not Available
OSD-488,F15,F15_ta,Mus musculus,Tibialis Anterior,Calcium Uptake | Protein Quantification,Spectrofluorimetric Assay | Western Blot,BioRad ChemiDoc | BioRad ChemiDoc-1 | BioRad ChemiDoc-5 | BioRad ChemiDoc-6 | BioRad ChemiDoc-7 | BioRad ChemiDoc-8 | BioRad ChemiDoc-9 | Molecular Devices M2 plate reader,Not Available
OSD-488,F16,F16_ta,Mus musculus,Tibialis Anterior,Calcium Uptake | Protein Quantification,Spectrofluorimetric Assay | Western Blot,BioRad ChemiDoc | BioRad ChemiDoc-1 | BioRad ChemiDoc-5 | BioRad ChemiDoc-6 | BioRad ChemiDoc-7 | BioRad ChemiDoc-8 | BioRad ChemiDoc-9 | Molecular Devices M2 plate reader,Not Available
OSD-488,F17,F17_ta,Mus musculus,Tibialis Anterior,Calcium Uptake | Protein Quantification,Spectrofluorimetric Assay | Western Blot,BioRad ChemiDoc | BioRad ChemiDoc-1 | BioRad ChemiDoc-5 | BioRad ChemiDoc-6 | BioRad ChemiDoc-7 | BioRad ChemiDoc-8 | BioRad ChemiDoc-9 | Molecular Devices M2 plate reader,Not Available
OSD-488,F18,F18_ta,Mus musculus,Tibialis Anterior,Calcium Uptake | Protein Quantification,Spectrofluorimetric Assay | Western Blot,BioRad ChemiDoc | BioRad ChemiDoc-1 | BioRad ChemiDoc-5 | BioRad ChemiDoc-6 | BioRad ChemiDoc-7 | BioRad ChemiDoc-8 | BioRad ChemiDoc-9 | Molecular Devices M2 plate reader,Not Available
OSD-488,F19,F19_ta,Mus musculus,Tibialis Anterior,Calcium Uptake | Protein Quantification,Spectrofluorimetric Assay | Western Blot,BioRad ChemiDoc | BioRad ChemiDoc-1 | BioRad ChemiDoc-5 | BioRad ChemiDoc-6 | BioRad ChemiDoc-7 | BioRad ChemiDoc-8 | BioRad ChemiDoc-9 | Molecular Devices M2 plate reader,Not Available
OSD-488,F20,F20_ta,Mus musculus,Tibialis Anterior,Calcium Uptake | Protein Quantification,Spectrofluorimetric Assay | Western Blot,BioRad ChemiDoc | BioRad ChemiDoc-1 | BioRad ChemiDoc-5 | BioRad ChemiDoc-6 | BioRad ChemiDoc-7 | BioRad ChemiDoc-8 | BioRad ChemiDoc-9 | Molecular Devices M2 plate reader,Not Available
OSD-488,FViv11,FViv11_sol,Mus musculus,Soleus,Calcium Uptake,Spectrofluorimetric Assay,Molecular Devices M2 plate reader,Not Available
OSD-488,FViv12,FViv12_sol,Mus musculus,Soleus,Calcium Uptake,Spectrofluorimetric Assay,Molecular Devices M2 plate reader,Not Available
OSD-488,FViv13,FViv13_sol,Mus musculus,Soleus,Calcium Uptake,Spectrofluorimetric Assay,Molecular Devices M2 plate reader,Not Available
OSD-488,FViv14,FViv14_sol,Mus musculus,Soleus,Calcium Uptake,Spectrofluorimetric Assay,Molecular Devices M2 plate reader,Not Available
OSD-488,FViv15,FViv15_sol,Mus musculus,Soleus,Calcium Uptake,Spectrofluorimetric Assay,Molecular Devices M2 plate reader,Not Available
OSD-488,FViv16,FViv16_sol,Mus musculus,Soleus,Calcium Uptake,Spectrofluorimetric Assay,Molecular Devices M2 plate reader,Not Available
OSD-488,CC13,CC13_sol,Mus musculus,Soleus,Calcium Uptake,Spectrofluorimetric Assay,Molecular Devices M2 plate reader,Not Available
OSD-488,CC14,CC14_sol,Mus musculus,Soleus,Calcium Uptake,Spectrofluorimetric Assay,Molecular Devices M2 plate reader,Not Available
OSD-488,CC15,CC15_sol,Mus musculus,Soleus,Calcium Uptake,Spectrofluorimetric Assay,Molecular Devices M2 plate reader,Not Available
OSD-488,CC17,CC17_sol,Mus musculus,Soleus,Calcium Uptake,Spectrofluorimetric Assay,Molecular Devices M2 plate reader,Not Available
OSD-488,CC18,CC18_sol,Mus musculus,Soleus,Calcium Uptake,Spectrofluorimetric Assay,Molecular Devices M2 plate reader,Not Available
OSD-488,CC19,CC19_sol,Mus musculus,Soleus,Calcium Uptake,Spectrofluorimetric Assay,Molecular Devices M2 plate reader,Not Available
OSD-488,FViv12,FViv12_ta,Mus musculus,Tibialis Anterior,Calcium Uptake,Spectrofluorimetric Assay,Molecular Devices M2 plate reader,Not Available
OSD-488,FViv13,FViv13_ta,Mus musculus,Tibialis Anterior,Calcium Uptake,Spectrofluorimetric Assay,Molecular Devices M2 plate reader,Not Available
OSD-488,FViv14,FViv14_ta,Mus musculus,Tibialis Anterior,Calcium Uptake,Spectrofluorimetric Assay,Molecular Devices M2 plate reader,Not Available
OSD-488,FViv15,FViv15_ta,Mus musculus,Tibialis Anterior,Calcium Uptake,Spectrofluorimetric Assay,Molecular Devices M2 plate reader,Not Available
OSD-488,CC11,CC11_ta,Mus musculus,Tibialis Anterior,Calcium Uptake,Spectrofluorimetric Assay,Molecular Devices M2 plate reader,Not Available
OSD-488,CC12,CC12_ta,Mus musculus,Tibialis Anterior,Calcium Uptake,Spectrofluorimetric Assay,Molecular Devices M2 plate reader,Not Available
OSD-488,CC13,CC13_ta,Mus musculus,Tibialis Anterior,Calcium Uptake,Spectrofluorimetric Assay,Molecular Devices M2 plate reader,Not Available
OSD-488,CC15,CC15_ta,Mus musculus,Tibialis Anterior,Calcium Uptake,Spectrofluorimetric Assay,Molecular Devices M2 plate reader,Not Available
OSD-488,CC16,CC16_ta,Mus musculus,Tibialis Anterior,Calcium Uptake,Spectrofluorimetric Assay,Molecular Devices M2 plate reader,Not Available
OSD-489,m1,B1_m1_L4,Mus musculus,lumbar vertebra 4,Bone Microstructure,Micro Computed Tomography,bruker skyscan,
OSD-489,m2,B2_m2_L4,Mus musculus,lumbar vertebra 4,Bone Microstructure,Micro Computed Tomography,bruker skyscan,
OSD-489,m3,B3_m3_L4,Mus musculus,lumbar vertebra 4,Bone Microstructure,Micro Computed Tomography,bruker skyscan,
OSD-489,m4,B4_m4_L4,Mus musculus,lumbar vertebra 4,Bone Microstructure,Micro Computed Tomography,bruker skyscan,
OSD-489,m5,B5_m5_L4,Mus musculus,lumbar vertebra 4,Bone Microstructure,Micro Computed Tomography,bruker skyscan,
OSD-489,m6,B6_m6_L4,Mus musculus,lumbar vertebra 4,Bone Microstructure,Micro Computed Tomography,bruker skyscan,
OSD-489,m7,B7_m7_L4,Mus musculus,lumbar vertebra 4,Bone Microstructure,Micro Computed Tomography,bruker skyscan,
OSD-489,m8,B8_m8_L4,Mus musculus,lumbar vertebra 4,Bone Microstructure,Micro Computed Tomography,bruker skyscan,
OSD-489,m9,B9_m9_L4,Mus musculus,lumbar vertebra 4,Bone Microstructure,Micro Computed Tomography,bruker skyscan,
OSD-489,m10,B10_m10_L4,Mus musculus,lumbar vertebra 4,Bone Microstructure,Micro Computed Tomography,bruker skyscan,
OSD-489,m11,VIV1_m11_L4,Mus musculus,lumbar vertebra 4,Bone Microstructure,Micro Computed Tomography,bruker skyscan,
OSD-489,m12,VIV2_m12_L4,Mus musculus,lumbar vertebra 4,Bone Microstructure,Micro Computed Tomography,bruker skyscan,
OSD-489,m13,VIV3_m13_L4,Mus musculus,lumbar vertebra 4,Bone Microstructure,Micro Computed Tomography,bruker skyscan,
OSD-489,m14,VIV4_m14_L4,Mus musculus,lumbar vertebra 4,Bone Microstructure,Micro Computed Tomography,bruker skyscan,
OSD-489,m15,VIV5_m15_L4,Mus musculus,lumbar vertebra 4,Bone Microstructure,Micro Computed Tomography,bruker skyscan,
OSD-489,m16,VIV6_m16_L4,Mus musculus,lumbar vertebra 4,Bone Microstructure,Micro Computed Tomography,bruker skyscan,
OSD-489,m17,VIV7_m17_L4,Mus musculus,lumbar vertebra 4,Bone Microstructure,Micro Computed Tomography,bruker skyscan,
OSD-489,m18,VIV8_m18_L4,Mus musculus,lumbar vertebra 4,Bone Microstructure,Micro Computed Tomography,bruker skyscan,
OSD-489,m19,VIV9_m19_L4,Mus musculus,lumbar vertebra 4,Bone Microstructure,Micro Computed Tomography,bruker skyscan,
OSD-489,m20,VIV10_m20_L4,Mus musculus,lumbar vertebra 4,Bone Microstructure,Micro Computed Tomography,bruker skyscan,
OSD-489,m21,FLT1_m21_L4,Mus musculus,lumbar vertebra 4,Bone Microstructure,Micro Computed Tomography,bruker skyscan,
OSD-489,m22,FLT2_m22_L4,Mus musculus,lumbar vertebra 4,Bone Microstructure,Micro Computed Tomography,bruker skyscan,
OSD-489,m23,FLT3_m23_L4,Mus musculus,lumbar vertebra 4,Bone Microstructure,Micro Computed Tomography,bruker skyscan,
OSD-489,m25,FLT5_m25_L4,Mus musculus,lumbar vertebra 4,Bone Microstructure,Micro Computed Tomography,bruker skyscan,
OSD-489,m26,FLT6_m26_L4,Mus musculus,lumbar vertebra 4,Bone Microstructure,Micro Computed Tomography,bruker skyscan,
OSD-489,m27,FLT7_m27_L4,Mus musculus,lumbar vertebra 4,Bone Microstructure,Micro Computed Tomography,bruker skyscan,
OSD-489,m29,FLT9_m29_L4,Mus musculus,lumbar vertebra 4,Bone Microstructure,Micro Computed Tomography,bruker skyscan,
OSD-489,m30,FLT10_m30_L4,Mus musculus,lumbar vertebra 4,Bone Microstructure,Micro Computed Tomography,bruker skyscan,
OSD-489,m31,GC1_m31_L4,Mus musculus,lumbar vertebra 4,Bone Microstructure,Micro Computed Tomography,bruker skyscan,
OSD-489,m32,GC2_m32_L4,Mus musculus,lumbar vertebra 4,Bone Microstructure,Micro Computed Tomography,bruker skyscan,
OSD-489,m33,GC3_m33_L4,Mus musculus,lumbar vertebra 4,Bone Microstructure,Micro Computed Tomography,bruker skyscan,
OSD-489,m35,GC5_m35_L4,Mus musculus,lumbar vertebra 4,Bone Microstructure,Micro Computed Tomography,bruker skyscan,
OSD-489,m36,GC6_m36_L4,Mus musculus,lumbar vertebra 4,Bone Microstructure,Micro Computed Tomography,bruker skyscan,
OSD-489,m37,GC7_m37_L4,Mus musculus,lumbar vertebra 4,Bone Microstructure,Micro Computed Tomography,bruker skyscan,
OSD-489,m38,GC8_m38_L4,Mus musculus,lumbar vertebra 4,Bone Microstructure,Micro Computed Tomography,bruker skyscan,
OSD-489,m39,GC9_m39_L4,Mus musculus,lumbar vertebra 4,Bone Microstructure,Micro Computed Tomography,bruker skyscan,
OSD-489,m40,GC10_m40_L4,Mus musculus,lumbar vertebra 4,Bone Microstructure,Micro Computed Tomography,bruker skyscan,
