OSD,source_name,sample_name,organ,assay_types,num_assays,data_files_count,measurement_types,technology_types,device_platforms,informativeness_rank
OSD-100,RR1_FLT_M23,Mmus_C57-6J_EYE_FLT_Rep1_M23,left eye,Dna Methylation Profiling | RNA-Seq,2,2,Dna Methylation Profiling | RNA-Seq,Rna Sequencing (Rna Seq) | Whole Genome Bisulfite Sequencing,,1
OSD-100,RR1_FLT_M24,Mmus_C57-6J_EYE_FLT_Rep2_M24,left eye,Dna Methylation Profiling | RNA-Seq,2,2,Dna Methylation Profiling | RNA-Seq,Rna Sequencing (Rna Seq) | Whole Genome Bisulfite Sequencing,,1
OSD-100,RR1_FLT_M25,Mmus_C57-6J_EYE_FLT_Rep3_M25,left eye,Dna Methylation Profiling | RNA-Seq,2,2,Dna Methylation Profiling | RNA-Seq,Rna Sequencing (Rna Seq) | Whole Genome Bisulfite Sequencing,,1
OSD-100,RR1_FLT_M26,Mmus_C57-6J_EYE_FLT_Rep4_M26,left eye,Dna Methylation Profiling | RNA-Seq,2,2,Dna Methylation Profiling | RNA-Seq,Rna Sequencing (Rna Seq) | Whole Genome Bisulfite Sequencing,,1
OSD-100,RR1_FLT_M27,Mmus_C57-6J_EYE_FLT_Rep5_M27,left eye,Dna Methylation Profiling | RNA-Seq,2,2,Dna Methylation Profiling | RNA-Seq,Rna Sequencing (Rna Seq) | Whole Genome Bisulfite Sequencing,,1
OSD-100,RR1_FLT_M28,Mmus_C57-6J_EYE_FLT_Rep6_M28,left eye,Dna Methylation Profiling | RNA-Seq,2,2,Dna Methylation Profiling | RNA-Seq,Rna Sequencing (Rna Seq) | Whole Genome Bisulfite Sequencing,,1
OSD-100,RR1_GC_M33,Mmus_C57-6J_EYE_GC_Rep1_M33,left eye,Dna Methylation Profiling | RNA-Seq,2,2,Dna Methylation Profiling | RNA-Seq,Rna Sequencing (Rna Seq) | Whole Genome Bisulfite Sequencing,,1
OSD-100,RR1_GC_M34,Mmus_C57-6J_EYE_GC_Rep2_M34,left eye,Dna Methylation Profiling | RNA-Seq,2,2,Dna Methylation Profiling | RNA-Seq,Rna Sequencing (Rna Seq) | Whole Genome Bisulfite Sequencing,,1
OSD-100,RR1_GC_M35,Mmus_C57-6J_EYE_GC_Rep3_M35,left eye,Dna Methylation Profiling | RNA-Seq,2,2,Dna Methylation Profiling | RNA-Seq,Rna Sequencing (Rna Seq) | Whole Genome Bisulfite Sequencing,,1
OSD-100,RR1_GC_M36,Mmus_C57-6J_EYE_GC_Rep4_M36,left eye,Dna Methylation Profiling | RNA-Seq,2,2,Dna Methylation Profiling | RNA-Seq,Rna Sequencing (Rna Seq) | Whole Genome Bisulfite Sequencing,,1
OSD-100,RR1_GC_M37,Mmus_C57-6J_EYE_GC_Rep5_M37,left eye,Dna Methylation Profiling | RNA-Seq,2,2,Dna Methylation Profiling | RNA-Seq,Rna Sequencing (Rna Seq) | Whole Genome Bisulfite Sequencing,,1
OSD-100,RR1_GC_M38,Mmus_C57-6J_EYE_GC_Rep6_M38,left eye,Dna Methylation Profiling | RNA-Seq,2,2,Dna Methylation Profiling | RNA-Seq,Rna Sequencing (Rna Seq) | Whole Genome Bisulfite Sequencing,,1
OSD-101,RR1_FLT_M23,Mmus_C57-6J_GST_FLT_Rep1_M23,Left gastrocnemius,Dna Methylation Profiling | Protein Expression Profiling | RNA-Seq | Rna Methylation Profiling,4,3,Dna Methylation Profiling | Protein Expression Profiling | RNA-Seq | Rna Methylation Profiling,Mass Spectrometry | Rna Sequencing (Rna Seq) | Whole Genome Bisulfite Sequencing | Whole Transcriptome Bisulfite Sequencing,Illumina | Orbitrap Fusion(Thermo Scientific),1
OSD-101,RR1_FLT_M24,Mmus_C57-6J_GST_FLT_Rep2_M24,Left gastrocnemius,Dna Methylation Profiling | Protein Expression Profiling | RNA-Seq | Rna Methylation Profiling,4,3,Dna Methylation Profiling | Protein Expression Profiling | RNA-Seq | Rna Methylation Profiling,Mass Spectrometry | Rna Sequencing (Rna Seq) | Whole Genome Bisulfite Sequencing | Whole Transcriptome Bisulfite Sequencing,Illumina | Orbitrap Fusion(Thermo Scientific),1
OSD-101,RR1_FLT_M25,Mmus_C57-6J_GST_FLT_Rep3_M25,Left gastrocnemius,Dna Methylation Profiling | Protein Expression Profiling | RNA-Seq | Rna Methylation Profiling,4,3,Dna Methylation Profiling | Protein Expression Profiling | RNA-Seq | Rna Methylation Profiling,Mass Spectrometry | Rna Sequencing (Rna Seq) | Whole Genome Bisulfite Sequencing | Whole Transcriptome Bisulfite Sequencing,Illumina | Orbitrap Fusion(Thermo Scientific),1
OSD-101,RR1_FLT_M26,Mmus_C57-6J_GST_FLT_Rep4_M26,Left gastrocnemius,Dna Methylation Profiling | Protein Expression Profiling | RNA-Seq | Rna Methylation Profiling,4,3,Dna Methylation Profiling | Protein Expression Profiling | RNA-Seq | Rna Methylation Profiling,Mass Spectrometry | Rna Sequencing (Rna Seq) | Whole Genome Bisulfite Sequencing | Whole Transcriptome Bisulfite Sequencing,Illumina | Orbitrap Fusion(Thermo Scientific),1
OSD-101,RR1_FLT_M27,Mmus_C57-6J_GST_FLT_Rep5_M27,Left gastrocnemius,Dna Methylation Profiling | Protein Expression Profiling | RNA-Seq | Rna Methylation Profiling,4,3,Dna Methylation Profiling | Protein Expression Profiling | RNA-Seq | Rna Methylation Profiling,Mass Spectrometry | Rna Sequencing (Rna Seq) | Whole Genome Bisulfite Sequencing | Whole Transcriptome Bisulfite Sequencing,Illumina | Orbitrap Fusion(Thermo Scientific),1
OSD-101,RR1_FLT_M28,Mmus_C57-6J_GST_FLT_Rep6_M28,Left gastrocnemius,Dna Methylation Profiling | Protein Expression Profiling | RNA-Seq | Rna Methylation Profiling,4,3,Dna Methylation Profiling | Protein Expression Profiling | RNA-Seq | Rna Methylation Profiling,Mass Spectrometry | Rna Sequencing (Rna Seq) | Whole Genome Bisulfite Sequencing | Whole Transcriptome Bisulfite Sequencing,Illumina | Orbitrap Fusion(Thermo Scientific),1
OSD-101,RR1_GC_M33,Mmus_C57-6J_GST_GC_Rep1_M33,Left gastrocnemius,Dna Methylation Profiling | Protein Expression Profiling | RNA-Seq | Rna Methylation Profiling,4,3,Dna Methylation Profiling | Protein Expression Profiling | RNA-Seq | Rna Methylation Profiling,Mass Spectrometry | Rna Sequencing (Rna Seq) | Whole Genome Bisulfite Sequencing | Whole Transcriptome Bisulfite Sequencing,Illumina | Orbitrap Fusion(Thermo Scientific),1
OSD-101,RR1_GC_M34,Mmus_C57-6J_GST_GC_Rep2_M34,Left gastrocnemius,Dna Methylation Profiling | Protein Expression Profiling | RNA-Seq | Rna Methylation Profiling,4,3,Dna Methylation Profiling | Protein Expression Profiling | RNA-Seq | Rna Methylation Profiling,Mass Spectrometry | Rna Sequencing (Rna Seq) | Whole Genome Bisulfite Sequencing | Whole Transcriptome Bisulfite Sequencing,Illumina | Orbitrap Fusion(Thermo Scientific),1
OSD-101,RR1_GC_M35,Mmus_C57-6J_GST_GC_Rep3_M35,Left gastrocnemius,Dna Methylation Profiling | Protein Expression Profiling | RNA-Seq | Rna Methylation Profiling,4,3,Dna Methylation Profiling | Protein Expression Profiling | RNA-Seq | Rna Methylation Profiling,Mass Spectrometry | Rna Sequencing (Rna Seq) | Whole Genome Bisulfite Sequencing | Whole Transcriptome Bisulfite Sequencing,Illumina | Orbitrap Fusion(Thermo Scientific),1
OSD-101,RR1_GC_M36,Mmus_C57-6J_GST_GC_Rep4_M36,Left gastrocnemius,Dna Methylation Profiling | Protein Expression Profiling | RNA-Seq | Rna Methylation Profiling,4,3,Dna Methylation Profiling | Protein Expression Profiling | RNA-Seq | Rna Methylation Profiling,Mass Spectrometry | Rna Sequencing (Rna Seq) | Whole Genome Bisulfite Sequencing | Whole Transcriptome Bisulfite Sequencing,Illumina | Orbitrap Fusion(Thermo Scientific),1
OSD-101,RR1_GC_M37,Mmus_C57-6J_GST_GC_Rep5_M37,Left gastrocnemius,Dna Methylation Profiling | Protein Expression Profiling | RNA-Seq | Rna Methylation Profiling,4,3,Dna Methylation Profiling | Protein Expression Profiling | RNA-Seq | Rna Methylation Profiling,Mass Spectrometry | Rna Sequencing (Rna Seq) | Whole Genome Bisulfite Sequencing | Whole Transcriptome Bisulfite Sequencing,Illumina | Orbitrap Fusion(Thermo Scientific),1
OSD-101,RR1_GC_M38,Mmus_C57-6J_GST_GC_Rep6_M38,Left gastrocnemius,Dna Methylation Profiling | Protein Expression Profiling | RNA-Seq | Rna Methylation Profiling,4,3,Dna Methylation Profiling | Protein Expression Profiling | RNA-Seq | Rna Methylation Profiling,Mass Spectrometry | Rna Sequencing (Rna Seq) | Whole Genome Bisulfite Sequencing | Whole Transcriptome Bisulfite Sequencing,Illumina | Orbitrap Fusion(Thermo Scientific),1
OSD-101,Empty Pool,Empty Pool,Not Applicable,Protein Expression Profiling,1,0,Protein Expression Profiling,Mass Spectrometry,Orbitrap Fusion(Thermo Scientific),2
OSD-101,Pool of all FLT and GC samples,Pool of all FLT and GC samples,Left gastrocnemius,Protein Expression Profiling,1,0,Protein Expression Profiling,Mass Spectrometry,Orbitrap Fusion(Thermo Scientific),2
OSD-101,Pool of all FLT samples,Pool of all FLT samples,Left gastrocnemius,Protein Expression Profiling,1,0,Protein Expression Profiling,Mass Spectrometry,Orbitrap Fusion(Thermo Scientific),2
OSD-101,Pool of all GC samples,Pool of all GC samples,Left gastrocnemius,Protein Expression Profiling,1,0,Protein Expression Profiling,Mass Spectrometry,Orbitrap Fusion(Thermo Scientific),2
OSD-102,RR1_FLT_M23,Mmus_C57-6J_KDN_FLT_Rep1_M23,Left kidney,Dna Methylation Profiling | Protein Expression Profiling | RNA-Seq | Rna Methylation Profiling,4,3,Dna Methylation Profiling | Protein Expression Profiling | RNA-Seq | Rna Methylation Profiling,Mass Spectrometry | Rna Sequencing (Rna Seq) | Whole Genome Bisulfite Sequencing | Whole Transcriptome Bisulfite Sequencing,Illumina | Illumina HiSeq 4000 | LTQ Orbitrap Fusion (Thermo Scientific),1
OSD-102,RR1_FLT_M24,Mmus_C57-6J_KDN_FLT_Rep2_M24,Left kidney,Dna Methylation Profiling | Protein Expression Profiling | RNA-Seq | Rna Methylation Profiling,4,3,Dna Methylation Profiling | Protein Expression Profiling | RNA-Seq | Rna Methylation Profiling,Mass Spectrometry | Rna Sequencing (Rna Seq) | Whole Genome Bisulfite Sequencing | Whole Transcriptome Bisulfite Sequencing,Illumina | Illumina HiSeq 4000 | LTQ Orbitrap Fusion (Thermo Scientific),1
OSD-102,RR1_FLT_M25,Mmus_C57-6J_KDN_FLT_Rep3_M25,Left kidney,Dna Methylation Profiling | Protein Expression Profiling | RNA-Seq | Rna Methylation Profiling,4,3,Dna Methylation Profiling | Protein Expression Profiling | RNA-Seq | Rna Methylation Profiling,Mass Spectrometry | Rna Sequencing (Rna Seq) | Whole Genome Bisulfite Sequencing | Whole Transcriptome Bisulfite Sequencing,Illumina | Illumina HiSeq 4000 | LTQ Orbitrap Fusion (Thermo Scientific),1
OSD-102,RR1_FLT_M26,Mmus_C57-6J_KDN_FLT_Rep4_M26,Left kidney,Dna Methylation Profiling | Protein Expression Profiling | RNA-Seq | Rna Methylation Profiling,4,3,Dna Methylation Profiling | Protein Expression Profiling | RNA-Seq | Rna Methylation Profiling,Mass Spectrometry | Rna Sequencing (Rna Seq) | Whole Genome Bisulfite Sequencing | Whole Transcriptome Bisulfite Sequencing,Illumina | Illumina HiSeq 4000 | LTQ Orbitrap Fusion (Thermo Scientific),1
OSD-102,RR1_FLT_M27,Mmus_C57-6J_KDN_FLT_Rep5_M27,Left kidney,Dna Methylation Profiling | Protein Expression Profiling | RNA-Seq | Rna Methylation Profiling,4,3,Dna Methylation Profiling | Protein Expression Profiling | RNA-Seq | Rna Methylation Profiling,Mass Spectrometry | Rna Sequencing (Rna Seq) | Whole Genome Bisulfite Sequencing | Whole Transcriptome Bisulfite Sequencing,Illumina | Illumina HiSeq 4000 | LTQ Orbitrap Fusion (Thermo Scientific),1
OSD-102,RR1_FLT_M28,Mmus_C57-6J_KDN_FLT_Rep6_M28,Left kidney,Dna Methylation Profiling | Protein Expression Profiling | RNA-Seq | Rna Methylation Profiling,4,3,Dna Methylation Profiling | Protein Expression Profiling | RNA-Seq | Rna Methylation Profiling,Mass Spectrometry | Rna Sequencing (Rna Seq) | Whole Genome Bisulfite Sequencing | Whole Transcriptome Bisulfite Sequencing,Illumina | Illumina HiSeq 4000 | LTQ Orbitrap Fusion (Thermo Scientific),1
OSD-102,RR1_GC_M33,Mmus_C57-6J_KDN_GC_Rep1_M33,Left kidney,Dna Methylation Profiling | Protein Expression Profiling | RNA-Seq | Rna Methylation Profiling,4,3,Dna Methylation Profiling | Protein Expression Profiling | RNA-Seq | Rna Methylation Profiling,Mass Spectrometry | Rna Sequencing (Rna Seq) | Whole Genome Bisulfite Sequencing | Whole Transcriptome Bisulfite Sequencing,Illumina | Illumina HiSeq 4000 | LTQ Orbitrap Fusion (Thermo Scientific),1
OSD-102,RR1_GC_M34,Mmus_C57-6J_KDN_GC_Rep2_M34,Left kidney,Dna Methylation Profiling | Protein Expression Profiling | RNA-Seq | Rna Methylation Profiling,4,3,Dna Methylation Profiling | Protein Expression Profiling | RNA-Seq | Rna Methylation Profiling,Mass Spectrometry | Rna Sequencing (Rna Seq) | Whole Genome Bisulfite Sequencing | Whole Transcriptome Bisulfite Sequencing,Illumina | Illumina HiSeq 4000 | LTQ Orbitrap Fusion (Thermo Scientific),1
OSD-102,RR1_GC_M35,Mmus_C57-6J_KDN_GC_Rep3_M35,Left kidney,Dna Methylation Profiling | Protein Expression Profiling | RNA-Seq | Rna Methylation Profiling,4,3,Dna Methylation Profiling | Protein Expression Profiling | RNA-Seq | Rna Methylation Profiling,Mass Spectrometry | Rna Sequencing (Rna Seq) | Whole Genome Bisulfite Sequencing | Whole Transcriptome Bisulfite Sequencing,Illumina | Illumina HiSeq 4000 | LTQ Orbitrap Fusion (Thermo Scientific),1
OSD-102,RR1_GC_M36,Mmus_C57-6J_KDN_GC_Rep4_M36,Left kidney,Dna Methylation Profiling | Protein Expression Profiling | RNA-Seq | Rna Methylation Profiling,4,3,Dna Methylation Profiling | Protein Expression Profiling | RNA-Seq | Rna Methylation Profiling,Mass Spectrometry | Rna Sequencing (Rna Seq) | Whole Genome Bisulfite Sequencing | Whole Transcriptome Bisulfite Sequencing,Illumina | Illumina HiSeq 4000 | LTQ Orbitrap Fusion (Thermo Scientific),1
OSD-102,RR1_GC_M37,Mmus_C57-6J_KDN_GC_Rep5_M37,Left kidney,Dna Methylation Profiling | Protein Expression Profiling | RNA-Seq | Rna Methylation Profiling,4,3,Dna Methylation Profiling | Protein Expression Profiling | RNA-Seq | Rna Methylation Profiling,Mass Spectrometry | Rna Sequencing (Rna Seq) | Whole Genome Bisulfite Sequencing | Whole Transcriptome Bisulfite Sequencing,Illumina | Illumina HiSeq 4000 | LTQ Orbitrap Fusion (Thermo Scientific),1
OSD-102,RR1_GC_M38,Mmus_C57-6J_KDN_GC_Rep6_M38,Left kidney,Dna Methylation Profiling | Protein Expression Profiling | RNA-Seq | Rna Methylation Profiling,4,3,Dna Methylation Profiling | Protein Expression Profiling | RNA-Seq | Rna Methylation Profiling,Mass Spectrometry | Rna Sequencing (Rna Seq) | Whole Genome Bisulfite Sequencing | Whole Transcriptome Bisulfite Sequencing,Illumina | Illumina HiSeq 4000 | LTQ Orbitrap Fusion (Thermo Scientific),1
OSD-102,Empty Pool,Empty Pool,Not Applicable,Protein Expression Profiling,1,0,Protein Expression Profiling,Mass Spectrometry,LTQ Orbitrap Fusion (Thermo Scientific),2
OSD-102,Pool of all FLT and GC samples,Pool of all FLT and GC samples,Not Applicable,Protein Expression Profiling,1,0,Protein Expression Profiling,Mass Spectrometry,LTQ Orbitrap Fusion (Thermo Scientific),2
OSD-102,Pool of all FLT samples,Pool of all FLT samples,Not Applicable,Protein Expression Profiling,1,0,Protein Expression Profiling,Mass Spectrometry,LTQ Orbitrap Fusion (Thermo Scientific),2
OSD-102,Pool of all GC samples,Pool of all GC samples,Not Applicable,Protein Expression Profiling,1,0,Protein Expression Profiling,Mass Spectrometry,LTQ Orbitrap Fusion (Thermo Scientific),2
OSD-103,RR1_FLT_M23,Mmus_C57-6J_Quad_FLT_Rep1_M23,Left quadriceps femoris,Dna Methylation Profiling | Protein Expression Profiling | RNA-Seq | Rna Methylation Profiling,4,3,Dna Methylation Profiling | Protein Expression Profiling | RNA-Seq | Rna Methylation Profiling,Mass Spectrometry | Rna Sequencing (Rna Seq) | Whole Genome Bisulfite Sequencing | Whole Transcriptome Bisulfite Sequencing,Illumina | Illumina HiSeq 4000 | LTQ Orbitrap Fusion (Thermo Scientific),1
OSD-103,RR1_FLT_M24,Mmus_C57-6J_Quad_FLT_Rep2_M24,Left quadriceps femoris,Dna Methylation Profiling | Protein Expression Profiling | RNA-Seq | Rna Methylation Profiling,4,3,Dna Methylation Profiling | Protein Expression Profiling | RNA-Seq | Rna Methylation Profiling,Mass Spectrometry | Rna Sequencing (Rna Seq) | Whole Genome Bisulfite Sequencing | Whole Transcriptome Bisulfite Sequencing,Illumina | Illumina HiSeq 4000 | LTQ Orbitrap Fusion (Thermo Scientific),1
OSD-103,RR1_FLT_M25,Mmus_C57-6J_Quad_FLT_Rep3_M25,Left quadriceps femoris,Dna Methylation Profiling | Protein Expression Profiling | RNA-Seq | Rna Methylation Profiling,4,3,Dna Methylation Profiling | Protein Expression Profiling | RNA-Seq | Rna Methylation Profiling,Mass Spectrometry | Rna Sequencing (Rna Seq) | Whole Genome Bisulfite Sequencing | Whole Transcriptome Bisulfite Sequencing,Illumina | Illumina HiSeq 4000 | LTQ Orbitrap Fusion (Thermo Scientific),1
OSD-103,RR1_FLT_M26,Mmus_C57-6J_Quad_FLT_Rep4_M26,Left quadriceps femoris,Dna Methylation Profiling | Protein Expression Profiling | RNA-Seq | Rna Methylation Profiling,4,3,Dna Methylation Profiling | Protein Expression Profiling | RNA-Seq | Rna Methylation Profiling,Mass Spectrometry | Rna Sequencing (Rna Seq) | Whole Genome Bisulfite Sequencing | Whole Transcriptome Bisulfite Sequencing,Illumina | Illumina HiSeq 4000 | LTQ Orbitrap Fusion (Thermo Scientific),1
OSD-103,RR1_FLT_M27,Mmus_C57-6J_Quad_FLT_Rep5_M27,Left quadriceps femoris,Dna Methylation Profiling | Protein Expression Profiling | RNA-Seq | Rna Methylation Profiling,4,3,Dna Methylation Profiling | Protein Expression Profiling | RNA-Seq | Rna Methylation Profiling,Mass Spectrometry | Rna Sequencing (Rna Seq) | Whole Genome Bisulfite Sequencing | Whole Transcriptome Bisulfite Sequencing,Illumina | Illumina HiSeq 4000 | LTQ Orbitrap Fusion (Thermo Scientific),1
OSD-103,RR1_FLT_M28,Mmus_C57-6J_Quad_FLT_Rep6_M28,Left quadriceps femoris,Dna Methylation Profiling | Protein Expression Profiling | RNA-Seq | Rna Methylation Profiling,4,3,Dna Methylation Profiling | Protein Expression Profiling | RNA-Seq | Rna Methylation Profiling,Mass Spectrometry | Rna Sequencing (Rna Seq) | Whole Genome Bisulfite Sequencing | Whole Transcriptome Bisulfite Sequencing,Illumina | Illumina HiSeq 4000 | LTQ Orbitrap Fusion (Thermo Scientific),1
OSD-103,RR1_GC_M33,Mmus_C57-6J_Quad_GC_Rep1_M33,Left quadriceps femoris,Dna Methylation Profiling | Protein Expression Profiling | RNA-Seq | Rna Methylation Profiling,4,3,Dna Methylation Profiling | Protein Expression Profiling | RNA-Seq | Rna Methylation Profiling,Mass Spectrometry | Rna Sequencing (Rna Seq) | Whole Genome Bisulfite Sequencing | Whole Transcriptome Bisulfite Sequencing,Illumina | Illumina HiSeq 4000 | LTQ Orbitrap Fusion (Thermo Scientific),1
OSD-103,RR1_GC_M34,Mmus_C57-6J_Quad_GC_Rep2_M34,Left quadriceps femoris,Dna Methylation Profiling | Protein Expression Profiling | RNA-Seq | Rna Methylation Profiling,4,3,Dna Methylation Profiling | Protein Expression Profiling | RNA-Seq | Rna Methylation Profiling,Mass Spectrometry | Rna Sequencing (Rna Seq) | Whole Genome Bisulfite Sequencing | Whole Transcriptome Bisulfite Sequencing,Illumina | Illumina HiSeq 4000 | LTQ Orbitrap Fusion (Thermo Scientific),1
OSD-103,RR1_GC_M35,Mmus_C57-6J_Quad_GC_Rep3_M35,Left quadriceps femoris,Dna Methylation Profiling | Protein Expression Profiling | RNA-Seq | Rna Methylation Profiling,4,3,Dna Methylation Profiling | Protein Expression Profiling | RNA-Seq | Rna Methylation Profiling,Mass Spectrometry | Rna Sequencing (Rna Seq) | Whole Genome Bisulfite Sequencing | Whole Transcriptome Bisulfite Sequencing,Illumina | Illumina HiSeq 4000 | LTQ Orbitrap Fusion (Thermo Scientific),1
OSD-103,RR1_GC_M36,Mmus_C57-6J_Quad_GC_Rep4_M36,Left quadriceps femoris,Dna Methylation Profiling | Protein Expression Profiling | RNA-Seq | Rna Methylation Profiling,4,3,Dna Methylation Profiling | Protein Expression Profiling | RNA-Seq | Rna Methylation Profiling,Mass Spectrometry | Rna Sequencing (Rna Seq) | Whole Genome Bisulfite Sequencing | Whole Transcriptome Bisulfite Sequencing,Illumina | Illumina HiSeq 4000 | LTQ Orbitrap Fusion (Thermo Scientific),1
OSD-103,RR1_GC_M37,Mmus_C57-6J_Quad_GC_Rep5_M37,Left quadriceps femoris,Dna Methylation Profiling | Protein Expression Profiling | RNA-Seq | Rna Methylation Profiling,4,3,Dna Methylation Profiling | Protein Expression Profiling | RNA-Seq | Rna Methylation Profiling,Mass Spectrometry | Rna Sequencing (Rna Seq) | Whole Genome Bisulfite Sequencing | Whole Transcriptome Bisulfite Sequencing,Illumina | Illumina HiSeq 4000 | LTQ Orbitrap Fusion (Thermo Scientific),1
OSD-103,RR1_GC_M38,Mmus_C57-6J_Quad_GC_Rep6_M38,Left quadriceps femoris,Dna Methylation Profiling | Protein Expression Profiling | RNA-Seq | Rna Methylation Profiling,4,3,Dna Methylation Profiling | Protein Expression Profiling | RNA-Seq | Rna Methylation Profiling,Mass Spectrometry | Rna Sequencing (Rna Seq) | Whole Genome Bisulfite Sequencing | Whole Transcriptome Bisulfite Sequencing,Illumina | Illumina HiSeq 4000 | LTQ Orbitrap Fusion (Thermo Scientific),1
OSD-103,Empty Pool,Empty Pool,Not Applicable,Protein Expression Profiling,1,0,Protein Expression Profiling,Mass Spectrometry,LTQ Orbitrap Fusion (Thermo Scientific),2
OSD-103,Pool of all FLT and GC samples,Pool of all FLT and GC samples,Left quadriceps femoris,Protein Expression Profiling,1,0,Protein Expression Profiling,Mass Spectrometry,LTQ Orbitrap Fusion (Thermo Scientific),2
OSD-103,Pool of all FLT samples,Pool of all FLT samples,Left quadriceps femoris,Protein Expression Profiling,1,0,Protein Expression Profiling,Mass Spectrometry,LTQ Orbitrap Fusion (Thermo Scientific),2
OSD-103,Pool of all GC samples,Pool of all GC samples,Left quadriceps femoris,Protein Expression Profiling,1,0,Protein Expression Profiling,Mass Spectrometry,LTQ Orbitrap Fusion (Thermo Scientific),2
OSD-104,RR1_FLT_M23,Mmus_C57-6J_SLS_FLT_Rep1_M23,Soleus-both sides,Dna Methylation Profiling | RNA-Seq,2,2,Dna Methylation Profiling | RNA-Seq,Rna Sequencing (Rna Seq) | Whole Genome Bisulfite Sequencing,Illumina,1
OSD-104,RR1_FLT_M24,Mmus_C57-6J_SLS_FLT_Rep2_M24,Soleus-both sides,Dna Methylation Profiling | RNA-Seq,2,2,Dna Methylation Profiling | RNA-Seq,Rna Sequencing (Rna Seq) | Whole Genome Bisulfite Sequencing,Illumina,1
OSD-104,RR1_FLT_M25,Mmus_C57-6J_SLS_FLT_Rep3_M25,Soleus-both sides,Dna Methylation Profiling | RNA-Seq,2,2,Dna Methylation Profiling | RNA-Seq,Rna Sequencing (Rna Seq) | Whole Genome Bisulfite Sequencing,Illumina,1
OSD-104,RR1_FLT_M26,Mmus_C57-6J_SLS_FLT_Rep4_M26,Soleus-both sides,Dna Methylation Profiling | RNA-Seq,2,2,Dna Methylation Profiling | RNA-Seq,Rna Sequencing (Rna Seq) | Whole Genome Bisulfite Sequencing,Illumina,1
OSD-104,RR1_FLT_M27,Mmus_C57-6J_SLS_FLT_Rep5_M27,Soleus-both sides,Dna Methylation Profiling | RNA-Seq,2,2,Dna Methylation Profiling | RNA-Seq,Rna Sequencing (Rna Seq) | Whole Genome Bisulfite Sequencing,Illumina,1
OSD-104,RR1_FLT_M28,Mmus_C57-6J_SLS_FLT_Rep6_M28,Soleus-both sides,Dna Methylation Profiling | RNA-Seq,2,2,Dna Methylation Profiling | RNA-Seq,Rna Sequencing (Rna Seq) | Whole Genome Bisulfite Sequencing,Illumina,1
OSD-104,RR1_GC_M33,Mmus_C57-6J_SLS_GC_Rep1_M33,Soleus-both sides,Dna Methylation Profiling | RNA-Seq,2,2,Dna Methylation Profiling | RNA-Seq,Rna Sequencing (Rna Seq) | Whole Genome Bisulfite Sequencing,Illumina,1
OSD-104,RR1_GC_M34,Mmus_C57-6J_SLS_GC_Rep2_M34,Soleus-both sides,Dna Methylation Profiling | RNA-Seq,2,2,Dna Methylation Profiling | RNA-Seq,Rna Sequencing (Rna Seq) | Whole Genome Bisulfite Sequencing,Illumina,1
OSD-104,RR1_GC_M35,Mmus_C57-6J_SLS_GC_Rep3_M35,Soleus-both sides,Dna Methylation Profiling | RNA-Seq,2,2,Dna Methylation Profiling | RNA-Seq,Rna Sequencing (Rna Seq) | Whole Genome Bisulfite Sequencing,Illumina,1
OSD-104,RR1_GC_M36,Mmus_C57-6J_SLS_GC_Rep4_M36,Soleus-both sides,Dna Methylation Profiling | RNA-Seq,2,2,Dna Methylation Profiling | RNA-Seq,Rna Sequencing (Rna Seq) | Whole Genome Bisulfite Sequencing,Illumina,1
OSD-104,RR1_GC_M37,Mmus_C57-6J_SLS_GC_Rep5_M37,Soleus-both sides,Dna Methylation Profiling | RNA-Seq,2,2,Dna Methylation Profiling | RNA-Seq,Rna Sequencing (Rna Seq) | Whole Genome Bisulfite Sequencing,Illumina,1
OSD-104,RR1_GC_M38,Mmus_C57-6J_SLS_GC_Rep6_M38,Soleus-both sides,Dna Methylation Profiling | RNA-Seq,2,2,Dna Methylation Profiling | RNA-Seq,Rna Sequencing (Rna Seq) | Whole Genome Bisulfite Sequencing,Illumina,1
OSD-105,RR1_FLT_M23,Mmus_C57-6J_TA_FLT_Rep1_M23,Left tibialis anterior,Dna Methylation Profiling | Protein Expression Profiling | RNA-Seq | Rna Methylation Profiling,4,3,Dna Methylation Profiling | Protein Expression Profiling | RNA-Seq | Rna Methylation Profiling,Mass Spectrometry | Rna Sequencing (Rna Seq) | Whole Genome Bisulfite Sequencing | Whole Transcriptome Bisulfite Sequencing,illumina | ltq-orbitrap-fusion,1
OSD-105,RR1_FLT_M24,Mmus_C57-6J_TA_FLT_Rep2_M24,Left tibialis anterior,Dna Methylation Profiling | Protein Expression Profiling | RNA-Seq | Rna Methylation Profiling,4,3,Dna Methylation Profiling | Protein Expression Profiling | RNA-Seq | Rna Methylation Profiling,Mass Spectrometry | Rna Sequencing (Rna Seq) | Whole Genome Bisulfite Sequencing | Whole Transcriptome Bisulfite Sequencing,illumina | ltq-orbitrap-fusion,1
OSD-105,RR1_FLT_M25,Mmus_C57-6J_TA_FLT_Rep3_M25,Left tibialis anterior,Dna Methylation Profiling | Protein Expression Profiling | RNA-Seq | Rna Methylation Profiling,4,3,Dna Methylation Profiling | Protein Expression Profiling | RNA-Seq | Rna Methylation Profiling,Mass Spectrometry | Rna Sequencing (Rna Seq) | Whole Genome Bisulfite Sequencing | Whole Transcriptome Bisulfite Sequencing,illumina | ltq-orbitrap-fusion,1
OSD-105,RR1_FLT_M26,Mmus_C57-6J_TA_FLT_Rep4_M26,Left tibialis anterior,Dna Methylation Profiling | Protein Expression Profiling | RNA-Seq | Rna Methylation Profiling,4,3,Dna Methylation Profiling | Protein Expression Profiling | RNA-Seq | Rna Methylation Profiling,Mass Spectrometry | Rna Sequencing (Rna Seq) | Whole Genome Bisulfite Sequencing | Whole Transcriptome Bisulfite Sequencing,illumina | ltq-orbitrap-fusion,1
OSD-105,RR1_FLT_M27,Mmus_C57-6J_TA_FLT_Rep5_M27,Left tibialis anterior,Dna Methylation Profiling | Protein Expression Profiling | RNA-Seq | Rna Methylation Profiling,4,3,Dna Methylation Profiling | Protein Expression Profiling | RNA-Seq | Rna Methylation Profiling,Mass Spectrometry | Rna Sequencing (Rna Seq) | Whole Genome Bisulfite Sequencing | Whole Transcriptome Bisulfite Sequencing,illumina | ltq-orbitrap-fusion,1
OSD-105,RR1_FLT_M28,Mmus_C57-6J_TA_FLT_Rep6_M28,Left tibialis anterior,Dna Methylation Profiling | Protein Expression Profiling | RNA-Seq | Rna Methylation Profiling,4,3,Dna Methylation Profiling | Protein Expression Profiling | RNA-Seq | Rna Methylation Profiling,Mass Spectrometry | Rna Sequencing (Rna Seq) | Whole Genome Bisulfite Sequencing | Whole Transcriptome Bisulfite Sequencing,illumina | ltq-orbitrap-fusion,1
OSD-105,RR1_GC_M33,Mmus_C57-6J_TA_GC_Rep1_M33,Left tibialis anterior,Dna Methylation Profiling | Protein Expression Profiling | RNA-Seq | Rna Methylation Profiling,4,3,Dna Methylation Profiling | Protein Expression Profiling | RNA-Seq | Rna Methylation Profiling,Mass Spectrometry | Rna Sequencing (Rna Seq) | Whole Genome Bisulfite Sequencing | Whole Transcriptome Bisulfite Sequencing,illumina | ltq-orbitrap-fusion,1
OSD-105,RR1_GC_M34,Mmus_C57-6J_TA_GC_Rep2_M34,Left tibialis anterior,Dna Methylation Profiling | Protein Expression Profiling | RNA-Seq | Rna Methylation Profiling,4,3,Dna Methylation Profiling | Protein Expression Profiling | RNA-Seq | Rna Methylation Profiling,Mass Spectrometry | Rna Sequencing (Rna Seq) | Whole Genome Bisulfite Sequencing | Whole Transcriptome Bisulfite Sequencing,illumina | ltq-orbitrap-fusion,1
OSD-105,RR1_GC_M35,Mmus_C57-6J_TA_GC_Rep3_M35,Left tibialis anterior,Dna Methylation Profiling | Protein Expression Profiling | RNA-Seq | Rna Methylation Profiling,4,3,Dna Methylation Profiling | Protein Expression Profiling | RNA-Seq | Rna Methylation Profiling,Mass Spectrometry | Rna Sequencing (Rna Seq) | Whole Genome Bisulfite Sequencing | Whole Transcriptome Bisulfite Sequencing,illumina | ltq-orbitrap-fusion,1
OSD-105,RR1_GC_M36,Mmus_C57-6J_TA_GC_Rep4_M36,Left tibialis anterior,Dna Methylation Profiling | Protein Expression Profiling | RNA-Seq | Rna Methylation Profiling,4,3,Dna Methylation Profiling | Protein Expression Profiling | RNA-Seq | Rna Methylation Profiling,Mass Spectrometry | Rna Sequencing (Rna Seq) | Whole Genome Bisulfite Sequencing | Whole Transcriptome Bisulfite Sequencing,illumina | ltq-orbitrap-fusion,1
OSD-105,RR1_GC_M37,Mmus_C57-6J_TA_GC_Rep5_M37,Left tibialis anterior,Dna Methylation Profiling | Protein Expression Profiling | RNA-Seq | Rna Methylation Profiling,4,3,Dna Methylation Profiling | Protein Expression Profiling | RNA-Seq | Rna Methylation Profiling,Mass Spectrometry | Rna Sequencing (Rna Seq) | Whole Genome Bisulfite Sequencing | Whole Transcriptome Bisulfite Sequencing,illumina | ltq-orbitrap-fusion,1
OSD-105,RR1_GC_M38,Mmus_C57-6J_TA_GC_Rep6_M38,Left tibialis anterior,Dna Methylation Profiling | Protein Expression Profiling | RNA-Seq | Rna Methylation Profiling,4,3,Dna Methylation Profiling | Protein Expression Profiling | RNA-Seq | Rna Methylation Profiling,Mass Spectrometry | Rna Sequencing (Rna Seq) | Whole Genome Bisulfite Sequencing | Whole Transcriptome Bisulfite Sequencing,illumina | ltq-orbitrap-fusion,1
OSD-105,Empty Pool,Empty Pool,Not Applicable,Protein Expression Profiling,1,0,Protein Expression Profiling,Mass Spectrometry,ltq-orbitrap-fusion,2
OSD-105,Pool of all FLT and GC samples,Pool of all FLT and GC samples,Left tibialis anterior,Protein Expression Profiling,1,0,Protein Expression Profiling,Mass Spectrometry,ltq-orbitrap-fusion,2
OSD-105,Pool of all FLT samples,Pool of all FLT samples,Left tibialis anterior,Protein Expression Profiling,1,0,Protein Expression Profiling,Mass Spectrometry,ltq-orbitrap-fusion,2
OSD-105,Pool of all GC samples,Pool of all GC samples,Left tibialis anterior,Protein Expression Profiling,1,0,Protein Expression Profiling,Mass Spectrometry,ltq-orbitrap-fusion,2
OSD-168,RR1_BSL_M10,Mmus_C57-6J_LVR_RR1_BSL_wERCC_Rep5_M10,Liver,RNA-Seq,1,1,RNA-Seq,Rna Sequencing (Rna Seq),illumina,1
OSD-168,RR1_BSL_M10,Mmus_C57-6J_LVR_RR1_BSL_noERCC_Rep5_M10,Liver,RNA-Seq,1,1,RNA-Seq,Rna Sequencing (Rna Seq),illumina,1
OSD-168,RR1_BSL_M4,Mmus_C57-6J_LVR_RR1_BSL_wERCC_Rep1_M4,Liver,RNA-Seq,1,1,RNA-Seq,Rna Sequencing (Rna Seq),illumina,1
OSD-168,RR1_BSL_M4,Mmus_C57-6J_LVR_RR1_BSL_noERCC_Rep1_M4,Liver,RNA-Seq,1,1,RNA-Seq,Rna Sequencing (Rna Seq),illumina,1
OSD-168,RR1_BSL_M5,Mmus_C57-6J_LVR_RR1_BSL_wERCC_Rep2_M5,Liver,RNA-Seq,1,1,RNA-Seq,Rna Sequencing (Rna Seq),illumina,1
OSD-168,RR1_BSL_M5,Mmus_C57-6J_LVR_RR1_BSL_noERCC_Rep2_M5,Liver,RNA-Seq,1,1,RNA-Seq,Rna Sequencing (Rna Seq),illumina,1
OSD-168,RR1_BSL_M7,Mmus_C57-6J_LVR_RR1_BSL_wERCC_Rep3_M7,Liver,RNA-Seq,1,1,RNA-Seq,Rna Sequencing (Rna Seq),illumina,1
OSD-168,RR1_BSL_M7,Mmus_C57-6J_LVR_RR1_BSL_noERCC_Rep3_M7,Liver,RNA-Seq,1,1,RNA-Seq,Rna Sequencing (Rna Seq),illumina,1
OSD-168,RR1_BSL_M8,Mmus_C57-6J_LVR_RR1_BSL_wERCC_Rep4_M8,Liver,RNA-Seq,1,1,RNA-Seq,Rna Sequencing (Rna Seq),illumina,1
OSD-168,RR1_BSL_M8,Mmus_C57-6J_LVR_RR1_BSL_noERCC_Rep4_M8,Liver,RNA-Seq,1,1,RNA-Seq,Rna Sequencing (Rna Seq),illumina,1
OSD-168,RR1_FLT_M25,Mmus_C57-6J_LVR_RR1_FLT_wERCC_Rep1_M25,Liver,RNA-Seq,1,1,RNA-Seq,Rna Sequencing (Rna Seq),illumina,1
OSD-168,RR1_FLT_M25,Mmus_C57-6J_LVR_RR1_FLT_noERCC_Rep1_M25,Liver,RNA-Seq,1,1,RNA-Seq,Rna Sequencing (Rna Seq),illumina,1
OSD-168,RR1_FLT_M26,Mmus_C57-6J_LVR_RR1_FLT_wERCC_Rep2_M26,Liver,RNA-Seq,1,1,RNA-Seq,Rna Sequencing (Rna Seq),illumina,1
OSD-168,RR1_FLT_M26,Mmus_C57-6J_LVR_RR1_FLT_noERCC_Rep2_M26,Liver,RNA-Seq,1,1,RNA-Seq,Rna Sequencing (Rna Seq),illumina,1
OSD-168,RR1_FLT_M28,Mmus_C57-6J_LVR_RR1_FLT_wERCC_Rep3_M28,Liver,RNA-Seq,1,1,RNA-Seq,Rna Sequencing (Rna Seq),illumina,1
OSD-168,RR1_FLT_M28,Mmus_C57-6J_LVR_RR1_FLT_noERCC_Rep3_M28,Liver,RNA-Seq,1,1,RNA-Seq,Rna Sequencing (Rna Seq),illumina,1
OSD-168,RR1_FLT_M29,Mmus_C57-6J_LVR_RR1_FLT_wERCC_Rep4_M29,Liver,RNA-Seq,1,1,RNA-Seq,Rna Sequencing (Rna Seq),illumina,1
OSD-168,RR1_FLT_M29,Mmus_C57-6J_LVR_RR1_FLT_noERCC_Rep4_M29,Liver,RNA-Seq,1,1,RNA-Seq,Rna Sequencing (Rna Seq),illumina,1
OSD-168,RR1_FLT_M30,Mmus_C57-6J_LVR_RR1_FLT_wERCC_Rep5_M30,Liver,RNA-Seq,1,1,RNA-Seq,Rna Sequencing (Rna Seq),illumina,1
OSD-168,RR1_FLT_M30,Mmus_C57-6J_LVR_RR1_FLT_noERCC_Rep5_M30,Liver,RNA-Seq,1,1,RNA-Seq,Rna Sequencing (Rna Seq),illumina,1
OSD-168,RR1_GC_M36,Mmus_C57-6J_LVR_RR1_GC_wERCC_Rep1_M36,Liver,RNA-Seq,1,1,RNA-Seq,Rna Sequencing (Rna Seq),illumina,1
OSD-168,RR1_GC_M36,Mmus_C57-6J_LVR_RR1_GC_noERCC_Rep1_M36,Liver,RNA-Seq,1,1,RNA-Seq,Rna Sequencing (Rna Seq),illumina,1
OSD-168,RR1_GC_M37,Mmus_C57-6J_LVR_RR1_GC_wERCC_Rep2_M37,Liver,RNA-Seq,1,1,RNA-Seq,Rna Sequencing (Rna Seq),illumina,1
OSD-168,RR1_GC_M37,Mmus_C57-6J_LVR_RR1_GC_noERCC_Rep2_M37,Liver,RNA-Seq,1,1,RNA-Seq,Rna Sequencing (Rna Seq),illumina,1
OSD-168,RR1_GC_M38,Mmus_C57-6J_LVR_RR1_GC_wERCC_Rep3_M38,Liver,RNA-Seq,1,1,RNA-Seq,Rna Sequencing (Rna Seq),illumina,1
OSD-168,RR1_GC_M38,Mmus_C57-6J_LVR_RR1_GC_noERCC_Rep3_M38,Liver,RNA-Seq,1,1,RNA-Seq,Rna Sequencing (Rna Seq),illumina,1
OSD-168,RR1_GC_M39,Mmus_C57-6J_LVR_RR1_GC_wERCC_Rep4_M39,Liver,RNA-Seq,1,1,RNA-Seq,Rna Sequencing (Rna Seq),illumina,1
OSD-168,RR1_GC_M39,Mmus_C57-6J_LVR_RR1_GC_noERCC_Rep4_M39,Liver,RNA-Seq,1,1,RNA-Seq,Rna Sequencing (Rna Seq),illumina,1
OSD-168,RR1_GC_M40,Mmus_C57-6J_LVR_RR1_GC_wERCC_Rep5_M40,Liver,RNA-Seq,1,1,RNA-Seq,Rna Sequencing (Rna Seq),illumina,1
OSD-168,RR1_GC_M40,Mmus_C57-6J_LVR_RR1_GC_noERCC_Rep5_M40,Liver,RNA-Seq,1,1,RNA-Seq,Rna Sequencing (Rna Seq),illumina,1
OSD-168,RR1_VIV_M16,Mmus_C57-6J_LVR_RR1_VIV_wERCC_Rep1_M16,Liver,RNA-Seq,1,1,RNA-Seq,Rna Sequencing (Rna Seq),illumina,1
OSD-168,RR1_VIV_M16,Mmus_C57-6J_LVR_RR1_VIV_noERCC_Rep1_M16,Liver,RNA-Seq,1,1,RNA-Seq,Rna Sequencing (Rna Seq),illumina,1
OSD-168,RR1_VIV_M17,Mmus_C57-6J_LVR_RR1_VIV_wERCC_Rep2_M17,Liver,RNA-Seq,1,1,RNA-Seq,Rna Sequencing (Rna Seq),illumina,1
OSD-168,RR1_VIV_M17,Mmus_C57-6J_LVR_RR1_VIV_noERCC_Rep2_M17,Liver,RNA-Seq,1,1,RNA-Seq,Rna Sequencing (Rna Seq),illumina,1
OSD-168,RR1_VIV_M18,Mmus_C57-6J_LVR_RR1_VIV_wERCC_Rep3_M18,Liver,RNA-Seq,1,1,RNA-Seq,Rna Sequencing (Rna Seq),illumina,1
OSD-168,RR1_VIV_M18,Mmus_C57-6J_LVR_RR1_VIV_noERCC_Rep3_M18,Liver,RNA-Seq,1,1,RNA-Seq,Rna Sequencing (Rna Seq),illumina,1
OSD-168,RR1_VIV_M19,Mmus_C57-6J_LVR_RR1_VIV_wERCC_Rep4_M19,Liver,RNA-Seq,1,1,RNA-Seq,Rna Sequencing (Rna Seq),illumina,1
OSD-168,RR1_VIV_M19,Mmus_C57-6J_LVR_RR1_VIV_noERCC_Rep4_M19,Liver,RNA-Seq,1,1,RNA-Seq,Rna Sequencing (Rna Seq),illumina,1
OSD-168,RR1_VIV_M20,Mmus_C57-6J_LVR_RR1_VIV_wERCC_Rep5_M20,Liver,RNA-Seq,1,1,RNA-Seq,Rna Sequencing (Rna Seq),illumina,1
OSD-168,RR1_VIV_M20,Mmus_C57-6J_LVR_RR1_VIV_noERCC_Rep5_M20,Liver,RNA-Seq,1,1,RNA-Seq,Rna Sequencing (Rna Seq),illumina,1
OSD-168,RR3_BSL_B2,Mmus_BAL-TAL_LVR_RR3_BSL_wERCC_Rep1_B2,Liver,RNA-Seq,1,1,RNA-Seq,Rna Sequencing (Rna Seq),illumina,1
OSD-168,RR3_BSL_B4,Mmus_BAL-TAL_LVR_RR3_BSL_wERCC_Rep2_B4,Liver,RNA-Seq,1,1,RNA-Seq,Rna Sequencing (Rna Seq),illumina,1
OSD-168,RR3_BSL_B6,Mmus_BAL-TAL_LVR_RR3_BSL_wERCC_Rep3_B6,Liver,RNA-Seq,1,1,RNA-Seq,Rna Sequencing (Rna Seq),illumina,1
OSD-168,RR3_BSL_B7,Mmus_BAL-TAL_LVR_RR3_BSL_wERCC_Rep4_B7,Liver,RNA-Seq,1,1,RNA-Seq,Rna Sequencing (Rna Seq),illumina,1
OSD-168,RR3_FLT_F1,Mmus_BAL-TAL_LVR_RR3_FLT_wERCC_Rep1_F1,Liver,RNA-Seq,1,1,RNA-Seq,Rna Sequencing (Rna Seq),illumina,1
OSD-168,RR3_FLT_F2,Mmus_BAL-TAL_LVR_RR3_FLT_wERCC_Rep2_F2,Liver,RNA-Seq,1,1,RNA-Seq,Rna Sequencing (Rna Seq),illumina,1
OSD-168,RR3_FLT_F3,Mmus_BAL-TAL_LVR_RR3_FLT_wERCC_Rep3_F3,Liver,RNA-Seq,1,1,RNA-Seq,Rna Sequencing (Rna Seq),illumina,1
OSD-168,RR3_FLT_F4,Mmus_BAL-TAL_LVR_RR3_FLT_wERCC_Rep4_F4,Liver,RNA-Seq,1,1,RNA-Seq,Rna Sequencing (Rna Seq),illumina,1
OSD-168,RR3_GC_G1,Mmus_BAL-TAL_LVR_RR3_GC_wERCC_Rep1_G1,Liver,RNA-Seq,1,1,RNA-Seq,Rna Sequencing (Rna Seq),illumina,1
OSD-168,RR3_GC_G2,Mmus_BAL-TAL_LVR_RR3_GC_wERCC_Rep2_G2,Liver,RNA-Seq,1,1,RNA-Seq,Rna Sequencing (Rna Seq),illumina,1
OSD-168,RR3_GC_G3,Mmus_BAL-TAL_LVR_RR3_GC_wERCC_Rep3_G3,Liver,RNA-Seq,1,1,RNA-Seq,Rna Sequencing (Rna Seq),illumina,1
OSD-168,RR3_GC_G5,Mmus_BAL-TAL_LVR_RR3_GC_wERCC_Rep4_G5,Liver,RNA-Seq,1,1,RNA-Seq,Rna Sequencing (Rna Seq),illumina,1
OSD-48,RR1_FLT_M25,Mmus_C57-6J_LVR_FLT_C_Rep1_M25,Liver,Dna Methylation Profiling | Molecular Cellular Imaging | Protein Expression Profiling | RNA-Seq | Rna Methylation Profiling,5,5,Dna Methylation Profiling | Molecular Cellular Imaging | Protein Expression Profiling | RNA-Seq | Rna Methylation Profiling,Mass Spectrometry | Microscopy | Rna Sequencing (Rna Seq) | Whole Genome Bisulfite Sequencing | Whole Transcriptome Bisulfite Sequencing,Illumina | Orbitrap Fusion(Thermo Scientific) | pannoramic scan (3d histech),1
OSD-48,RR1_FLT_M26,Mmus_C57-6J_LVR_FLT_C_Rep2_M26,Liver,Dna Methylation Profiling | Molecular Cellular Imaging | Protein Expression Profiling | RNA-Seq | Rna Methylation Profiling,5,5,Dna Methylation Profiling | Molecular Cellular Imaging | Protein Expression Profiling | RNA-Seq | Rna Methylation Profiling,Mass Spectrometry | Microscopy | Rna Sequencing (Rna Seq) | Whole Genome Bisulfite Sequencing | Whole Transcriptome Bisulfite Sequencing,Illumina | Orbitrap Fusion(Thermo Scientific) | pannoramic scan (3d histech),1
OSD-48,RR1_FLT_M27,Mmus_C57-6J_LVR_FLT_C_Rep3_M27,Liver,Dna Methylation Profiling | Molecular Cellular Imaging | Protein Expression Profiling | RNA-Seq | Rna Methylation Profiling,5,5,Dna Methylation Profiling | Molecular Cellular Imaging | Protein Expression Profiling | RNA-Seq | Rna Methylation Profiling,Mass Spectrometry | Microscopy | Rna Sequencing (Rna Seq) | Whole Genome Bisulfite Sequencing | Whole Transcriptome Bisulfite Sequencing,Illumina | Orbitrap Fusion(Thermo Scientific) | pannoramic scan (3d histech),1
OSD-48,RR1_FLT_M28,Mmus_C57-6J_LVR_FLT_C_Rep4_M28,Liver,Dna Methylation Profiling | Molecular Cellular Imaging | Protein Expression Profiling | RNA-Seq | Rna Methylation Profiling,5,5,Dna Methylation Profiling | Molecular Cellular Imaging | Protein Expression Profiling | RNA-Seq | Rna Methylation Profiling,Mass Spectrometry | Microscopy | Rna Sequencing (Rna Seq) | Whole Genome Bisulfite Sequencing | Whole Transcriptome Bisulfite Sequencing,Illumina | Orbitrap Fusion(Thermo Scientific) | pannoramic scan (3d histech),1
OSD-48,RR1_FLT_M30,Mmus_C57-6J_LVR_FLT_C_Rep5_M30,Liver,Dna Methylation Profiling | Molecular Cellular Imaging | Protein Expression Profiling | RNA-Seq | Rna Methylation Profiling,5,5,Dna Methylation Profiling | Molecular Cellular Imaging | Protein Expression Profiling | RNA-Seq | Rna Methylation Profiling,Mass Spectrometry | Microscopy | Rna Sequencing (Rna Seq) | Whole Genome Bisulfite Sequencing | Whole Transcriptome Bisulfite Sequencing,Illumina | Orbitrap Fusion(Thermo Scientific) | pannoramic scan (3d histech),1
OSD-48,RR1_GC_M36,Mmus_C57-6J_LVR_GC_C_Rep1_M36,Liver,Dna Methylation Profiling | Molecular Cellular Imaging | Protein Expression Profiling | RNA-Seq | Rna Methylation Profiling,5,5,Dna Methylation Profiling | Molecular Cellular Imaging | Protein Expression Profiling | RNA-Seq | Rna Methylation Profiling,Mass Spectrometry | Microscopy | Rna Sequencing (Rna Seq) | Whole Genome Bisulfite Sequencing | Whole Transcriptome Bisulfite Sequencing,Illumina | Orbitrap Fusion(Thermo Scientific) | pannoramic scan (3d histech),1
OSD-48,RR1_GC_M37,Mmus_C57-6J_LVR_GC_C_Rep2_M37,Liver,Dna Methylation Profiling | Molecular Cellular Imaging | Protein Expression Profiling | RNA-Seq | Rna Methylation Profiling,5,5,Dna Methylation Profiling | Molecular Cellular Imaging | Protein Expression Profiling | RNA-Seq | Rna Methylation Profiling,Mass Spectrometry | Microscopy | Rna Sequencing (Rna Seq) | Whole Genome Bisulfite Sequencing | Whole Transcriptome Bisulfite Sequencing,Illumina | Orbitrap Fusion(Thermo Scientific) | pannoramic scan (3d histech),1
OSD-48,RR1_GC_M38,Mmus_C57-6J_LVR_GC_C_Rep3_M38,Liver,Dna Methylation Profiling | Molecular Cellular Imaging | Protein Expression Profiling | RNA-Seq | Rna Methylation Profiling,5,5,Dna Methylation Profiling | Molecular Cellular Imaging | Protein Expression Profiling | RNA-Seq | Rna Methylation Profiling,Mass Spectrometry | Microscopy | Rna Sequencing (Rna Seq) | Whole Genome Bisulfite Sequencing | Whole Transcriptome Bisulfite Sequencing,Illumina | Orbitrap Fusion(Thermo Scientific) | pannoramic scan (3d histech),1
OSD-48,RR1_GC_M39,Mmus_C57-6J_LVR_GC_C_Rep4_M39,Liver,Dna Methylation Profiling | Molecular Cellular Imaging | Protein Expression Profiling | RNA-Seq | Rna Methylation Profiling,5,5,Dna Methylation Profiling | Molecular Cellular Imaging | Protein Expression Profiling | RNA-Seq | Rna Methylation Profiling,Mass Spectrometry | Microscopy | Rna Sequencing (Rna Seq) | Whole Genome Bisulfite Sequencing | Whole Transcriptome Bisulfite Sequencing,Illumina | Orbitrap Fusion(Thermo Scientific) | pannoramic scan (3d histech),1
OSD-48,RR1_GC_M40,Mmus_C57-6J_LVR_GC_C_Rep5_M40,Liver,Dna Methylation Profiling | Molecular Cellular Imaging | Protein Expression Profiling | RNA-Seq | Rna Methylation Profiling,5,5,Dna Methylation Profiling | Molecular Cellular Imaging | Protein Expression Profiling | RNA-Seq | Rna Methylation Profiling,Mass Spectrometry | Microscopy | Rna Sequencing (Rna Seq) | Whole Genome Bisulfite Sequencing | Whole Transcriptome Bisulfite Sequencing,Illumina | Orbitrap Fusion(Thermo Scientific) | pannoramic scan (3d histech),1
OSD-48,RR1_FLT_M21,Mmus_C57-6J_LVR_FLT_I_Rep1_M21,Liver,Dna Methylation Profiling | Molecular Cellular Imaging | Protein Expression Profiling | RNA-Seq,4,4,Dna Methylation Profiling | Molecular Cellular Imaging | Protein Expression Profiling | RNA-Seq,Mass Spectrometry | Microscopy | Rna Sequencing (Rna Seq) | Whole Genome Bisulfite Sequencing,Illumina | Orbitrap Fusion(Thermo Scientific) | pannoramic scan (3d histech),2
OSD-48,RR1_FLT_M22,Mmus_C57-6J_LVR_FLT_I_Rep2_M22,Liver,Dna Methylation Profiling | Molecular Cellular Imaging | Protein Expression Profiling | RNA-Seq,4,4,Dna Methylation Profiling | Molecular Cellular Imaging | Protein Expression Profiling | RNA-Seq,Mass Spectrometry | Microscopy | Rna Sequencing (Rna Seq) | Whole Genome Bisulfite Sequencing,Illumina | Orbitrap Fusion(Thermo Scientific) | pannoramic scan (3d histech),2
OSD-48,RR1_GC_M31,Mmus_C57-6J_LVR_GC_I_Rep1_M31,Liver,Dna Methylation Profiling | Molecular Cellular Imaging | Protein Expression Profiling | RNA-Seq,4,4,Dna Methylation Profiling | Molecular Cellular Imaging | Protein Expression Profiling | RNA-Seq,Mass Spectrometry | Microscopy | Rna Sequencing (Rna Seq) | Whole Genome Bisulfite Sequencing,Illumina | Orbitrap Fusion(Thermo Scientific) | pannoramic scan (3d histech),2
OSD-48,RR1_GC_M32,Mmus_C57-6J_LVR_GC_I_Rep2_M32,Liver,Dna Methylation Profiling | Molecular Cellular Imaging | Protein Expression Profiling | RNA-Seq,4,4,Dna Methylation Profiling | Molecular Cellular Imaging | Protein Expression Profiling | RNA-Seq,Mass Spectrometry | Microscopy | Rna Sequencing (Rna Seq) | Whole Genome Bisulfite Sequencing,Illumina | Orbitrap Fusion(Thermo Scientific) | pannoramic scan (3d histech),2
OSD-48,RR1_BSL_M10,Mmus_C57-6J_LVR_BSL_C_Rep5_M10,Liver,Molecular Cellular Imaging | Protein Expression Profiling,2,2,Molecular Cellular Imaging | Protein Expression Profiling,Mass Spectrometry | Microscopy,Orbitrap Fusion(Thermo Scientific) | pannoramic scan (3d histech),3
OSD-48,RR1_BSL_M4,Mmus_C57-6J_LVR_BSL_C_Rep1_M4,Liver,Molecular Cellular Imaging | Protein Expression Profiling,2,2,Molecular Cellular Imaging | Protein Expression Profiling,Mass Spectrometry | Microscopy,Orbitrap Fusion(Thermo Scientific) | pannoramic scan (3d histech),3
OSD-48,RR1_BSL_M5,Mmus_C57-6J_LVR_BSL_C_Rep2_M5,Liver,Molecular Cellular Imaging | Protein Expression Profiling,2,2,Molecular Cellular Imaging | Protein Expression Profiling,Mass Spectrometry | Microscopy,Orbitrap Fusion(Thermo Scientific) | pannoramic scan (3d histech),3
OSD-48,RR1_BSL_M7,Mmus_C57-6J_LVR_BSL_C_Rep3_M7,Liver,Molecular Cellular Imaging | Protein Expression Profiling,2,2,Molecular Cellular Imaging | Protein Expression Profiling,Mass Spectrometry | Microscopy,Orbitrap Fusion(Thermo Scientific) | pannoramic scan (3d histech),3
OSD-48,RR1_BSL_M8,Mmus_C57-6J_LVR_BSL_C_Rep4_M8,Liver,Molecular Cellular Imaging | Protein Expression Profiling,2,2,Molecular Cellular Imaging | Protein Expression Profiling,Mass Spectrometry | Microscopy,Orbitrap Fusion(Thermo Scientific) | pannoramic scan (3d histech),3
OSD-48,RR1_VIV_M16,Mmus_C57-6J_LVR_VIV_C_Rep1_M16,Liver,Molecular Cellular Imaging | Protein Expression Profiling,2,2,Molecular Cellular Imaging | Protein Expression Profiling,Mass Spectrometry | Microscopy,Orbitrap Fusion(Thermo Scientific) | pannoramic scan (3d histech),3
OSD-48,RR1_VIV_M17,Mmus_C57-6J_LVR_VIV_C_Rep2_M17,Liver,Molecular Cellular Imaging | Protein Expression Profiling,2,2,Molecular Cellular Imaging | Protein Expression Profiling,Mass Spectrometry | Microscopy,Orbitrap Fusion(Thermo Scientific) | pannoramic scan (3d histech),3
OSD-48,RR1_VIV_M18,Mmus_C57-6J_LVR_VIV_C_Rep3_M18,Liver,Molecular Cellular Imaging | Protein Expression Profiling,2,2,Molecular Cellular Imaging | Protein Expression Profiling,Mass Spectrometry | Microscopy,Orbitrap Fusion(Thermo Scientific) | pannoramic scan (3d histech),3
OSD-48,RR1_VIV_M19,Mmus_C57-6J_LVR_VIV_C_Rep4_M19,Liver,Molecular Cellular Imaging | Protein Expression Profiling,2,2,Molecular Cellular Imaging | Protein Expression Profiling,Mass Spectrometry | Microscopy,Orbitrap Fusion(Thermo Scientific) | pannoramic scan (3d histech),3
OSD-48,RR1_VIV_M20,Mmus_C57-6J_LVR_VIV_C_Rep5_M20,Liver,Molecular Cellular Imaging | Protein Expression Profiling,2,2,Molecular Cellular Imaging | Protein Expression Profiling,Mass Spectrometry | Microscopy,Orbitrap Fusion(Thermo Scientific) | pannoramic scan (3d histech),3
OSD-48,RR1_FLT_M29,Mmus_C57-6J_LVR_FLT_C_Rep6_M29,Liver,Rna Methylation Profiling,1,1,Rna Methylation Profiling,Whole Transcriptome Bisulfite Sequencing,Illumina,4
OSD-48,RR1_GC_M35,Mmus_C57-6J_LVR_GC_C_Rep6_M35,Liver,Rna Methylation Profiling,1,1,Rna Methylation Profiling,Whole Transcriptome Bisulfite Sequencing,Illumina,4
OSD-48,RR1_BA_CASIS_LVR_POOL,RR1_BA_CASIS_LVR_POOL,Liver,Protein Expression Profiling,1,0,Protein Expression Profiling,Mass Spectrometry,Orbitrap Fusion(Thermo Scientific),4
OSD-48,RR1_BA_CASIS_LVR_POOL,RR1_BSL_VIV_NASA_LVR_POOL,Liver,Protein Expression Profiling,1,0,Protein Expression Profiling,Mass Spectrometry,Orbitrap Fusion(Thermo Scientific),4
OSD-48,RR1_FLT_NASA+CASIS_LVR_POOL,RR1_FLT_NASA+CASIS_LVR_POOL,Liver,Protein Expression Profiling,1,0,Protein Expression Profiling,Mass Spectrometry,Orbitrap Fusion(Thermo Scientific),4
OSD-48,RR1_FLT_NASA_LVR_POOL,RR1_FLT_NASA_LVR_POOL,Liver,Protein Expression Profiling,1,0,Protein Expression Profiling,Mass Spectrometry,Orbitrap Fusion(Thermo Scientific),4
OSD-48,RR1_GC_NASA+CASIS_LVR_POOL,RR1_GC_NASA+CASIS_LVR_POOL,Liver,Protein Expression Profiling,1,0,Protein Expression Profiling,Mass Spectrometry,Orbitrap Fusion(Thermo Scientific),4
OSD-48,RR1_GC_NASA_LVR_POOL,RR1_GC_NASA_LVR_POOL,Liver,Protein Expression Profiling,1,0,Protein Expression Profiling,Mass Spectrometry,Orbitrap Fusion(Thermo Scientific),4
OSD-488,F11,F11_sol,Soleus,Calcium Uptake | Protein Quantification,2,1,Calcium Uptake | Protein Quantification,Spectrofluorimetric Assay | Western Blot,BioRad ChemiDoc-2 | BioRad ChemiDoc-3 | BioRad ChemiDoc-4 | BioRad ChemiDoc-5 | BioRad ChemiDoc-6 | BioRad ChemiDoc-7 | BioRad ChemiDoc-8 | Molecular Devices M2 plate reader,1
OSD-488,F11,F11_ta,Tibialis Anterior,Calcium Uptake | Protein Quantification,2,1,Calcium Uptake | Protein Quantification,Spectrofluorimetric Assay | Western Blot,BioRad ChemiDoc | BioRad ChemiDoc-1 | BioRad ChemiDoc-5 | BioRad ChemiDoc-6 | BioRad ChemiDoc-7 | BioRad ChemiDoc-8 | BioRad ChemiDoc-9 | Molecular Devices M2 plate reader,1
OSD-488,F12,F12_sol,Soleus,Calcium Uptake | Protein Quantification,2,1,Calcium Uptake | Protein Quantification,Spectrofluorimetric Assay | Western Blot,BioRad ChemiDoc-2 | BioRad ChemiDoc-3 | BioRad ChemiDoc-4 | BioRad ChemiDoc-5 | BioRad ChemiDoc-6 | BioRad ChemiDoc-7 | BioRad ChemiDoc-8 | Molecular Devices M2 plate reader,1
OSD-488,F12,F12_ta,Tibialis Anterior,Calcium Uptake | Protein Quantification,2,1,Calcium Uptake | Protein Quantification,Spectrofluorimetric Assay | Western Blot,BioRad ChemiDoc | BioRad ChemiDoc-1 | BioRad ChemiDoc-5 | BioRad ChemiDoc-6 | BioRad ChemiDoc-7 | BioRad ChemiDoc-8 | BioRad ChemiDoc-9 | Molecular Devices M2 plate reader,1
OSD-488,F13,F13_sol,Soleus,Calcium Uptake | Protein Quantification,2,1,Calcium Uptake | Protein Quantification,Spectrofluorimetric Assay | Western Blot,BioRad ChemiDoc-2 | BioRad ChemiDoc-3 | BioRad ChemiDoc-4 | BioRad ChemiDoc-5 | BioRad ChemiDoc-6 | BioRad ChemiDoc-7 | BioRad ChemiDoc-8 | Molecular Devices M2 plate reader,1
OSD-488,F13,F13_ta,Tibialis Anterior,Calcium Uptake | Protein Quantification,2,1,Calcium Uptake | Protein Quantification,Spectrofluorimetric Assay | Western Blot,BioRad ChemiDoc | BioRad ChemiDoc-1 | BioRad ChemiDoc-5 | BioRad ChemiDoc-6 | BioRad ChemiDoc-7 | BioRad ChemiDoc-8 | BioRad ChemiDoc-9 | Molecular Devices M2 plate reader,1
OSD-488,F14,F14_ta,Tibialis Anterior,Calcium Uptake | Protein Quantification,2,1,Calcium Uptake | Protein Quantification,Spectrofluorimetric Assay | Western Blot,BioRad ChemiDoc | BioRad ChemiDoc-1 | BioRad ChemiDoc-5 | BioRad ChemiDoc-6 | BioRad ChemiDoc-7 | BioRad ChemiDoc-8 | BioRad ChemiDoc-9 | Molecular Devices M2 plate reader,1
OSD-488,F15,F15_sol,Soleus,Calcium Uptake | Protein Quantification,2,1,Calcium Uptake | Protein Quantification,Spectrofluorimetric Assay | Western Blot,BioRad ChemiDoc-2 | BioRad ChemiDoc-3 | BioRad ChemiDoc-4 | BioRad ChemiDoc-5 | BioRad ChemiDoc-6 | BioRad ChemiDoc-7 | BioRad ChemiDoc-8 | Molecular Devices M2 plate reader,1
OSD-488,F15,F15_ta,Tibialis Anterior,Calcium Uptake | Protein Quantification,2,1,Calcium Uptake | Protein Quantification,Spectrofluorimetric Assay | Western Blot,BioRad ChemiDoc | BioRad ChemiDoc-1 | BioRad ChemiDoc-5 | BioRad ChemiDoc-6 | BioRad ChemiDoc-7 | BioRad ChemiDoc-8 | BioRad ChemiDoc-9 | Molecular Devices M2 plate reader,1
OSD-488,F16,F16_sol,Soleus,Calcium Uptake | Protein Quantification,2,1,Calcium Uptake | Protein Quantification,Spectrofluorimetric Assay | Western Blot,BioRad ChemiDoc-2 | BioRad ChemiDoc-3 | BioRad ChemiDoc-4 | BioRad ChemiDoc-5 | BioRad ChemiDoc-6 | BioRad ChemiDoc-7 | BioRad ChemiDoc-8 | Molecular Devices M2 plate reader,1
OSD-488,F16,F16_ta,Tibialis Anterior,Calcium Uptake | Protein Quantification,2,1,Calcium Uptake | Protein Quantification,Spectrofluorimetric Assay | Western Blot,BioRad ChemiDoc | BioRad ChemiDoc-1 | BioRad ChemiDoc-5 | BioRad ChemiDoc-6 | BioRad ChemiDoc-7 | BioRad ChemiDoc-8 | BioRad ChemiDoc-9 | Molecular Devices M2 plate reader,1
OSD-488,F17,F17_sol,Soleus,Calcium Uptake | Protein Quantification,2,1,Calcium Uptake | Protein Quantification,Spectrofluorimetric Assay | Western Blot,BioRad ChemiDoc-2 | BioRad ChemiDoc-3 | BioRad ChemiDoc-4 | BioRad ChemiDoc-5 | BioRad ChemiDoc-6 | BioRad ChemiDoc-7 | BioRad ChemiDoc-8 | Molecular Devices M2 plate reader,1
OSD-488,F17,F17_ta,Tibialis Anterior,Calcium Uptake | Protein Quantification,2,1,Calcium Uptake | Protein Quantification,Spectrofluorimetric Assay | Western Blot,BioRad ChemiDoc | BioRad ChemiDoc-1 | BioRad ChemiDoc-5 | BioRad ChemiDoc-6 | BioRad ChemiDoc-7 | BioRad ChemiDoc-8 | BioRad ChemiDoc-9 | Molecular Devices M2 plate reader,1
OSD-488,F18,F18_sol,Soleus,Calcium Uptake | Protein Quantification,2,1,Calcium Uptake | Protein Quantification,Spectrofluorimetric Assay | Western Blot,BioRad ChemiDoc-2 | BioRad ChemiDoc-3 | BioRad ChemiDoc-4 | BioRad ChemiDoc-5 | BioRad ChemiDoc-6 | BioRad ChemiDoc-7 | BioRad ChemiDoc-8 | Molecular Devices M2 plate reader,1
OSD-488,F18,F18_ta,Tibialis Anterior,Calcium Uptake | Protein Quantification,2,1,Calcium Uptake | Protein Quantification,Spectrofluorimetric Assay | Western Blot,BioRad ChemiDoc | BioRad ChemiDoc-1 | BioRad ChemiDoc-5 | BioRad ChemiDoc-6 | BioRad ChemiDoc-7 | BioRad ChemiDoc-8 | BioRad ChemiDoc-9 | Molecular Devices M2 plate reader,1
OSD-488,F19,F19_sol,Soleus,Calcium Uptake | Protein Quantification,2,1,Calcium Uptake | Protein Quantification,Spectrofluorimetric Assay | Western Blot,BioRad ChemiDoc-2 | BioRad ChemiDoc-3 | BioRad ChemiDoc-4 | BioRad ChemiDoc-5 | BioRad ChemiDoc-6 | BioRad ChemiDoc-7 | BioRad ChemiDoc-8 | Molecular Devices M2 plate reader,1
OSD-488,F19,F19_ta,Tibialis Anterior,Calcium Uptake | Protein Quantification,2,1,Calcium Uptake | Protein Quantification,Spectrofluorimetric Assay | Western Blot,BioRad ChemiDoc | BioRad ChemiDoc-1 | BioRad ChemiDoc-5 | BioRad ChemiDoc-6 | BioRad ChemiDoc-7 | BioRad ChemiDoc-8 | BioRad ChemiDoc-9 | Molecular Devices M2 plate reader,1
OSD-488,F20,F20_sol,Soleus,Calcium Uptake | Protein Quantification,2,1,Calcium Uptake | Protein Quantification,Spectrofluorimetric Assay | Western Blot,BioRad ChemiDoc-2 | BioRad ChemiDoc-3 | BioRad ChemiDoc-4 | BioRad ChemiDoc-5 | BioRad ChemiDoc-6 | BioRad ChemiDoc-7 | BioRad ChemiDoc-8 | Molecular Devices M2 plate reader,1
OSD-488,F20,F20_ta,Tibialis Anterior,Calcium Uptake | Protein Quantification,2,1,Calcium Uptake | Protein Quantification,Spectrofluorimetric Assay | Western Blot,BioRad ChemiDoc | BioRad ChemiDoc-1 | BioRad ChemiDoc-5 | BioRad ChemiDoc-6 | BioRad ChemiDoc-7 | BioRad ChemiDoc-8 | BioRad ChemiDoc-9 | Molecular Devices M2 plate reader,1
OSD-488,GC11,GC11_sol,Soleus,Calcium Uptake | Protein Quantification,2,1,Calcium Uptake | Protein Quantification,Spectrofluorimetric Assay | Western Blot,BioRad ChemiDoc-2 | BioRad ChemiDoc-3 | BioRad ChemiDoc-4 | BioRad ChemiDoc-5 | BioRad ChemiDoc-6 | BioRad ChemiDoc-7 | BioRad ChemiDoc-8 | Molecular Devices M2 plate reader,1
OSD-488,GC11,GC11_ta,Tibialis Anterior,Calcium Uptake | Protein Quantification,2,1,Calcium Uptake | Protein Quantification,Spectrofluorimetric Assay | Western Blot,BioRad ChemiDoc | BioRad ChemiDoc-1 | BioRad ChemiDoc-5 | BioRad ChemiDoc-6 | BioRad ChemiDoc-7 | BioRad ChemiDoc-8 | BioRad ChemiDoc-9 | Molecular Devices M2 plate reader,1
OSD-488,GC12,GC12_sol,Soleus,Calcium Uptake | Protein Quantification,2,1,Calcium Uptake | Protein Quantification,Spectrofluorimetric Assay | Western Blot,BioRad ChemiDoc-2 | BioRad ChemiDoc-3 | BioRad ChemiDoc-4 | BioRad ChemiDoc-5 | BioRad ChemiDoc-6 | BioRad ChemiDoc-7 | BioRad ChemiDoc-8 | Molecular Devices M2 plate reader,1
OSD-488,GC12,GC12_ta,Tibialis Anterior,Calcium Uptake | Protein Quantification,2,1,Calcium Uptake | Protein Quantification,Spectrofluorimetric Assay | Western Blot,BioRad ChemiDoc | BioRad ChemiDoc-1 | BioRad ChemiDoc-5 | BioRad ChemiDoc-6 | BioRad ChemiDoc-7 | BioRad ChemiDoc-8 | BioRad ChemiDoc-9 | Molecular Devices M2 plate reader,1
OSD-488,GC13,GC13_sol,Soleus,Calcium Uptake | Protein Quantification,2,1,Calcium Uptake | Protein Quantification,Spectrofluorimetric Assay | Western Blot,BioRad ChemiDoc-2 | BioRad ChemiDoc-3 | BioRad ChemiDoc-4 | BioRad ChemiDoc-5 | BioRad ChemiDoc-6 | BioRad ChemiDoc-7 | BioRad ChemiDoc-8 | Molecular Devices M2 plate reader,1
OSD-488,GC13,GC13_ta,Tibialis Anterior,Calcium Uptake | Protein Quantification,2,1,Calcium Uptake | Protein Quantification,Spectrofluorimetric Assay | Western Blot,BioRad ChemiDoc | BioRad ChemiDoc-1 | BioRad ChemiDoc-5 | BioRad ChemiDoc-6 | BioRad ChemiDoc-7 | BioRad ChemiDoc-8 | BioRad ChemiDoc-9 | Molecular Devices M2 plate reader,1
OSD-488,GC14,GC14_sol,Soleus,Calcium Uptake | Protein Quantification,2,1,Calcium Uptake | Protein Quantification,Spectrofluorimetric Assay | Western Blot,BioRad ChemiDoc-2 | BioRad ChemiDoc-3 | BioRad ChemiDoc-4 | BioRad ChemiDoc-5 | BioRad ChemiDoc-6 | BioRad ChemiDoc-7 | BioRad ChemiDoc-8 | Molecular Devices M2 plate reader,1
OSD-488,GC14,GC14_ta,Tibialis Anterior,Calcium Uptake | Protein Quantification,2,1,Calcium Uptake | Protein Quantification,Spectrofluorimetric Assay | Western Blot,BioRad ChemiDoc | BioRad ChemiDoc-1 | BioRad ChemiDoc-5 | BioRad ChemiDoc-6 | BioRad ChemiDoc-7 | BioRad ChemiDoc-8 | BioRad ChemiDoc-9 | Molecular Devices M2 plate reader,1
OSD-488,GC15,GC15_sol,Soleus,Calcium Uptake | Protein Quantification,2,1,Calcium Uptake | Protein Quantification,Spectrofluorimetric Assay | Western Blot,BioRad ChemiDoc-2 | BioRad ChemiDoc-3 | BioRad ChemiDoc-4 | BioRad ChemiDoc-5 | BioRad ChemiDoc-6 | BioRad ChemiDoc-7 | BioRad ChemiDoc-8 | Molecular Devices M2 plate reader,1
OSD-488,GC15,GC15_ta,Tibialis Anterior,Calcium Uptake | Protein Quantification,2,1,Calcium Uptake | Protein Quantification,Spectrofluorimetric Assay | Western Blot,BioRad ChemiDoc | BioRad ChemiDoc-1 | BioRad ChemiDoc-5 | BioRad ChemiDoc-6 | BioRad ChemiDoc-7 | BioRad ChemiDoc-8 | BioRad ChemiDoc-9 | Molecular Devices M2 plate reader,1
OSD-488,GC16,GC16_sol,Soleus,Calcium Uptake | Protein Quantification,2,1,Calcium Uptake | Protein Quantification,Spectrofluorimetric Assay | Western Blot,BioRad ChemiDoc-2 | BioRad ChemiDoc-3 | BioRad ChemiDoc-4 | BioRad ChemiDoc-5 | BioRad ChemiDoc-6 | BioRad ChemiDoc-7 | BioRad ChemiDoc-8 | Molecular Devices M2 plate reader,1
OSD-488,GC16,GC16_ta,Tibialis Anterior,Calcium Uptake | Protein Quantification,2,1,Calcium Uptake | Protein Quantification,Spectrofluorimetric Assay | Western Blot,BioRad ChemiDoc | BioRad ChemiDoc-1 | BioRad ChemiDoc-5 | BioRad ChemiDoc-6 | BioRad ChemiDoc-7 | BioRad ChemiDoc-8 | BioRad ChemiDoc-9 | Molecular Devices M2 plate reader,1
OSD-488,GC17,GC17_sol,Soleus,Calcium Uptake | Protein Quantification,2,1,Calcium Uptake | Protein Quantification,Spectrofluorimetric Assay | Western Blot,BioRad ChemiDoc-2 | BioRad ChemiDoc-3 | BioRad ChemiDoc-4 | BioRad ChemiDoc-5 | BioRad ChemiDoc-6 | BioRad ChemiDoc-7 | BioRad ChemiDoc-8 | Molecular Devices M2 plate reader,1
OSD-488,GC17,GC17_ta,Tibialis Anterior,Calcium Uptake | Protein Quantification,2,1,Calcium Uptake | Protein Quantification,Spectrofluorimetric Assay | Western Blot,BioRad ChemiDoc | BioRad ChemiDoc-1 | BioRad ChemiDoc-5 | BioRad ChemiDoc-6 | BioRad ChemiDoc-7 | BioRad ChemiDoc-8 | BioRad ChemiDoc-9 | Molecular Devices M2 plate reader,1
OSD-488,GC18,GC18_sol,Soleus,Calcium Uptake | Protein Quantification,2,1,Calcium Uptake | Protein Quantification,Spectrofluorimetric Assay | Western Blot,BioRad ChemiDoc-2 | BioRad ChemiDoc-3 | BioRad ChemiDoc-4 | BioRad ChemiDoc-5 | BioRad ChemiDoc-6 | BioRad ChemiDoc-7 | BioRad ChemiDoc-8 | Molecular Devices M2 plate reader,1
OSD-488,GC18,GC18_ta,Tibialis Anterior,Calcium Uptake | Protein Quantification,2,1,Calcium Uptake | Protein Quantification,Spectrofluorimetric Assay | Western Blot,BioRad ChemiDoc | BioRad ChemiDoc-1 | BioRad ChemiDoc-5 | BioRad ChemiDoc-6 | BioRad ChemiDoc-7 | BioRad ChemiDoc-8 | BioRad ChemiDoc-9 | Molecular Devices M2 plate reader,1
OSD-488,GC19,GC19_sol,Soleus,Calcium Uptake | Protein Quantification,2,1,Calcium Uptake | Protein Quantification,Spectrofluorimetric Assay | Western Blot,BioRad ChemiDoc-2 | BioRad ChemiDoc-3 | BioRad ChemiDoc-4 | BioRad ChemiDoc-5 | BioRad ChemiDoc-6 | BioRad ChemiDoc-7 | BioRad ChemiDoc-8 | Molecular Devices M2 plate reader,1
OSD-488,GC19,GC19_ta,Tibialis Anterior,Calcium Uptake | Protein Quantification,2,1,Calcium Uptake | Protein Quantification,Spectrofluorimetric Assay | Western Blot,BioRad ChemiDoc | BioRad ChemiDoc-1 | BioRad ChemiDoc-5 | BioRad ChemiDoc-6 | BioRad ChemiDoc-7 | BioRad ChemiDoc-8 | BioRad ChemiDoc-9 | Molecular Devices M2 plate reader,1
OSD-488,GC20,GC20_sol,Soleus,Calcium Uptake | Protein Quantification,2,1,Calcium Uptake | Protein Quantification,Spectrofluorimetric Assay | Western Blot,BioRad ChemiDoc-2 | BioRad ChemiDoc-3 | BioRad ChemiDoc-4 | BioRad ChemiDoc-5 | BioRad ChemiDoc-6 | BioRad ChemiDoc-7 | BioRad ChemiDoc-8 | Molecular Devices M2 plate reader,1
OSD-488,GC20,GC20_ta,Tibialis Anterior,Calcium Uptake | Protein Quantification,2,1,Calcium Uptake | Protein Quantification,Spectrofluorimetric Assay | Western Blot,BioRad ChemiDoc | BioRad ChemiDoc-1 | BioRad ChemiDoc-5 | BioRad ChemiDoc-6 | BioRad ChemiDoc-7 | BioRad ChemiDoc-8 | BioRad ChemiDoc-9 | Molecular Devices M2 plate reader,1
OSD-488,RR1_FLT_M21,M21_sol,Soleus,Calcium Uptake | Protein Quantification,2,1,Calcium Uptake | Protein Quantification,Spectrofluorimetric Assay | Western Blot,BioRad ChemiDoc-2 | BioRad ChemiDoc-3 | BioRad ChemiDoc-4 | BioRad ChemiDoc-5 | BioRad ChemiDoc-6 | BioRad ChemiDoc-7 | BioRad ChemiDoc-8 | Molecular Devices M2 plate reader,1
OSD-488,RR1_FLT_M22,M22_sol,Soleus,Calcium Uptake | Protein Quantification,2,1,Calcium Uptake | Protein Quantification,Spectrofluorimetric Assay | Western Blot,BioRad ChemiDoc-2 | BioRad ChemiDoc-3 | BioRad ChemiDoc-4 | BioRad ChemiDoc-5 | BioRad ChemiDoc-6 | BioRad ChemiDoc-7 | BioRad ChemiDoc-8 | Molecular Devices M2 plate reader,1
OSD-488,RR1_FLT_M29,M29_sol,Soleus,Calcium Uptake | Protein Quantification,2,1,Calcium Uptake | Protein Quantification,Spectrofluorimetric Assay | Western Blot,BioRad ChemiDoc-2 | BioRad ChemiDoc-3 | BioRad ChemiDoc-4 | BioRad ChemiDoc-5 | BioRad ChemiDoc-6 | BioRad ChemiDoc-7 | BioRad ChemiDoc-8 | Molecular Devices M2 plate reader,1
OSD-488,RR1_FLT_M30,M30_sol,Soleus,Calcium Uptake | Protein Quantification,2,1,Calcium Uptake | Protein Quantification,Spectrofluorimetric Assay | Western Blot,BioRad ChemiDoc-2 | BioRad ChemiDoc-3 | BioRad ChemiDoc-4 | BioRad ChemiDoc-5 | BioRad ChemiDoc-6 | BioRad ChemiDoc-7 | BioRad ChemiDoc-8 | Molecular Devices M2 plate reader,1
OSD-488,RR1_GC_M11,M11_sol,Soleus,Calcium Uptake | Protein Quantification,2,1,Calcium Uptake | Protein Quantification,Spectrofluorimetric Assay | Western Blot,BioRad ChemiDoc-2 | BioRad ChemiDoc-3 | BioRad ChemiDoc-4 | BioRad ChemiDoc-5 | BioRad ChemiDoc-6 | BioRad ChemiDoc-7 | BioRad ChemiDoc-8 | Molecular Devices M2 plate reader,1
OSD-488,RR1_GC_M12,M12_sol,Soleus,Calcium Uptake | Protein Quantification,2,1,Calcium Uptake | Protein Quantification,Spectrofluorimetric Assay | Western Blot,BioRad ChemiDoc-2 | BioRad ChemiDoc-3 | BioRad ChemiDoc-4 | BioRad ChemiDoc-5 | BioRad ChemiDoc-6 | BioRad ChemiDoc-7 | BioRad ChemiDoc-8 | Molecular Devices M2 plate reader,1
OSD-488,RR1_GC_M13,M13_sol,Soleus,Calcium Uptake | Protein Quantification,2,1,Calcium Uptake | Protein Quantification,Spectrofluorimetric Assay | Western Blot,BioRad ChemiDoc-2 | BioRad ChemiDoc-3 | BioRad ChemiDoc-4 | BioRad ChemiDoc-5 | BioRad ChemiDoc-6 | BioRad ChemiDoc-7 | BioRad ChemiDoc-8 | Molecular Devices M2 plate reader,1
OSD-488,RR1_GC_M14,M14_sol,Soleus,Calcium Uptake | Protein Quantification,2,1,Calcium Uptake | Protein Quantification,Spectrofluorimetric Assay | Western Blot,BioRad ChemiDoc-2 | BioRad ChemiDoc-3 | BioRad ChemiDoc-4 | BioRad ChemiDoc-5 | BioRad ChemiDoc-6 | BioRad ChemiDoc-7 | BioRad ChemiDoc-8 | Molecular Devices M2 plate reader,1
OSD-488,RR1_VIV_M31,M31_sol,Soleus,Calcium Uptake | Protein Quantification,2,1,Calcium Uptake | Protein Quantification,Spectrofluorimetric Assay | Western Blot,BioRad ChemiDoc-2 | BioRad ChemiDoc-3 | BioRad ChemiDoc-4 | BioRad ChemiDoc-5 | BioRad ChemiDoc-6 | BioRad ChemiDoc-7 | BioRad ChemiDoc-8 | Molecular Devices M2 plate reader,1
OSD-488,RR1_VIV_M32,M32_sol,Soleus,Calcium Uptake | Protein Quantification,2,1,Calcium Uptake | Protein Quantification,Spectrofluorimetric Assay | Western Blot,BioRad ChemiDoc-2 | BioRad ChemiDoc-3 | BioRad ChemiDoc-4 | BioRad ChemiDoc-5 | BioRad ChemiDoc-6 | BioRad ChemiDoc-7 | BioRad ChemiDoc-8 | Molecular Devices M2 plate reader,1
OSD-488,RR1_VIV_M39,M39_sol,Soleus,Calcium Uptake | Protein Quantification,2,1,Calcium Uptake | Protein Quantification,Spectrofluorimetric Assay | Western Blot,BioRad ChemiDoc-2 | BioRad ChemiDoc-3 | BioRad ChemiDoc-4 | BioRad ChemiDoc-5 | BioRad ChemiDoc-6 | BioRad ChemiDoc-7 | BioRad ChemiDoc-8 | Molecular Devices M2 plate reader,1
OSD-488,RR1_VIV_M40,M40_sol,Soleus,Calcium Uptake | Protein Quantification,2,1,Calcium Uptake | Protein Quantification,Spectrofluorimetric Assay | Western Blot,BioRad ChemiDoc-2 | BioRad ChemiDoc-3 | BioRad ChemiDoc-4 | BioRad ChemiDoc-5 | BioRad ChemiDoc-6 | BioRad ChemiDoc-7 | BioRad ChemiDoc-8 | Molecular Devices M2 plate reader,1
OSD-488,Viv11,Viv11_sol,Soleus,Calcium Uptake | Protein Quantification,2,1,Calcium Uptake | Protein Quantification,Spectrofluorimetric Assay | Western Blot,BioRad ChemiDoc-2 | BioRad ChemiDoc-3 | BioRad ChemiDoc-4 | BioRad ChemiDoc-5 | BioRad ChemiDoc-6 | BioRad ChemiDoc-7 | BioRad ChemiDoc-8 | Molecular Devices M2 plate reader,1
OSD-488,Viv11,Viv11_ta,Tibialis Anterior,Calcium Uptake | Protein Quantification,2,1,Calcium Uptake | Protein Quantification,Spectrofluorimetric Assay | Western Blot,BioRad ChemiDoc | BioRad ChemiDoc-1 | BioRad ChemiDoc-5 | BioRad ChemiDoc-6 | BioRad ChemiDoc-7 | BioRad ChemiDoc-8 | BioRad ChemiDoc-9 | Molecular Devices M2 plate reader,1
OSD-488,Viv12,Viv12_sol,Soleus,Calcium Uptake | Protein Quantification,2,1,Calcium Uptake | Protein Quantification,Spectrofluorimetric Assay | Western Blot,BioRad ChemiDoc-2 | BioRad ChemiDoc-3 | BioRad ChemiDoc-4 | BioRad ChemiDoc-5 | BioRad ChemiDoc-6 | BioRad ChemiDoc-7 | BioRad ChemiDoc-8 | Molecular Devices M2 plate reader,1
OSD-488,Viv12,Viv12_ta,Tibialis Anterior,Calcium Uptake | Protein Quantification,2,1,Calcium Uptake | Protein Quantification,Spectrofluorimetric Assay | Western Blot,BioRad ChemiDoc | BioRad ChemiDoc-1 | BioRad ChemiDoc-5 | BioRad ChemiDoc-6 | BioRad ChemiDoc-7 | BioRad ChemiDoc-8 | BioRad ChemiDoc-9 | Molecular Devices M2 plate reader,1
OSD-488,Viv13,Viv13_sol,Soleus,Calcium Uptake | Protein Quantification,2,1,Calcium Uptake | Protein Quantification,Spectrofluorimetric Assay | Western Blot,BioRad ChemiDoc-2 | BioRad ChemiDoc-3 | BioRad ChemiDoc-4 | BioRad ChemiDoc-5 | BioRad ChemiDoc-6 | BioRad ChemiDoc-7 | BioRad ChemiDoc-8 | Molecular Devices M2 plate reader,1
OSD-488,Viv13,Viv13_ta,Tibialis Anterior,Calcium Uptake | Protein Quantification,2,1,Calcium Uptake | Protein Quantification,Spectrofluorimetric Assay | Western Blot,BioRad ChemiDoc | BioRad ChemiDoc-1 | BioRad ChemiDoc-5 | BioRad ChemiDoc-6 | BioRad ChemiDoc-7 | BioRad ChemiDoc-8 | BioRad ChemiDoc-9 | Molecular Devices M2 plate reader,1
OSD-488,Viv14,Viv14_sol,Soleus,Calcium Uptake | Protein Quantification,2,1,Calcium Uptake | Protein Quantification,Spectrofluorimetric Assay | Western Blot,BioRad ChemiDoc-2 | BioRad ChemiDoc-3 | BioRad ChemiDoc-4 | BioRad ChemiDoc-5 | BioRad ChemiDoc-6 | BioRad ChemiDoc-7 | BioRad ChemiDoc-8 | Molecular Devices M2 plate reader,1
OSD-488,Viv14,Viv14_ta,Tibialis Anterior,Calcium Uptake | Protein Quantification,2,1,Calcium Uptake | Protein Quantification,Spectrofluorimetric Assay | Western Blot,BioRad ChemiDoc | BioRad ChemiDoc-1 | BioRad ChemiDoc-5 | BioRad ChemiDoc-6 | BioRad ChemiDoc-7 | BioRad ChemiDoc-8 | BioRad ChemiDoc-9 | Molecular Devices M2 plate reader,1
OSD-488,Viv15,Viv15_ta,Tibialis Anterior,Calcium Uptake | Protein Quantification,2,1,Calcium Uptake | Protein Quantification,Spectrofluorimetric Assay | Western Blot,BioRad ChemiDoc | BioRad ChemiDoc-1 | BioRad ChemiDoc-5 | BioRad ChemiDoc-6 | BioRad ChemiDoc-7 | BioRad ChemiDoc-8 | BioRad ChemiDoc-9 | Molecular Devices M2 plate reader,1
OSD-488,Viv16,Viv16_sol,Soleus,Calcium Uptake | Protein Quantification,2,1,Calcium Uptake | Protein Quantification,Spectrofluorimetric Assay | Western Blot,BioRad ChemiDoc-2 | BioRad ChemiDoc-3 | BioRad ChemiDoc-4 | BioRad ChemiDoc-5 | BioRad ChemiDoc-6 | BioRad ChemiDoc-7 | BioRad ChemiDoc-8 | Molecular Devices M2 plate reader,1
OSD-488,Viv16,Viv16_ta,Tibialis Anterior,Calcium Uptake | Protein Quantification,2,1,Calcium Uptake | Protein Quantification,Spectrofluorimetric Assay | Western Blot,BioRad ChemiDoc | BioRad ChemiDoc-1 | BioRad ChemiDoc-5 | BioRad ChemiDoc-6 | BioRad ChemiDoc-7 | BioRad ChemiDoc-8 | BioRad ChemiDoc-9 | Molecular Devices M2 plate reader,1
OSD-488,Viv17,Viv17_sol,Soleus,Calcium Uptake | Protein Quantification,2,1,Calcium Uptake | Protein Quantification,Spectrofluorimetric Assay | Western Blot,BioRad ChemiDoc-2 | BioRad ChemiDoc-3 | BioRad ChemiDoc-4 | BioRad ChemiDoc-5 | BioRad ChemiDoc-6 | BioRad ChemiDoc-7 | BioRad ChemiDoc-8 | Molecular Devices M2 plate reader,1
OSD-488,Viv17,Viv17_ta,Tibialis Anterior,Calcium Uptake | Protein Quantification,2,1,Calcium Uptake | Protein Quantification,Spectrofluorimetric Assay | Western Blot,BioRad ChemiDoc | BioRad ChemiDoc-1 | BioRad ChemiDoc-5 | BioRad ChemiDoc-6 | BioRad ChemiDoc-7 | BioRad ChemiDoc-8 | BioRad ChemiDoc-9 | Molecular Devices M2 plate reader,1
OSD-488,Viv18,Viv18_sol,Soleus,Calcium Uptake | Protein Quantification,2,1,Calcium Uptake | Protein Quantification,Spectrofluorimetric Assay | Western Blot,BioRad ChemiDoc-2 | BioRad ChemiDoc-3 | BioRad ChemiDoc-4 | BioRad ChemiDoc-5 | BioRad ChemiDoc-6 | BioRad ChemiDoc-7 | BioRad ChemiDoc-8 | Molecular Devices M2 plate reader,1
OSD-488,Viv18,Viv18_ta,Tibialis Anterior,Calcium Uptake | Protein Quantification,2,1,Calcium Uptake | Protein Quantification,Spectrofluorimetric Assay | Western Blot,BioRad ChemiDoc | BioRad ChemiDoc-1 | BioRad ChemiDoc-5 | BioRad ChemiDoc-6 | BioRad ChemiDoc-7 | BioRad ChemiDoc-8 | BioRad ChemiDoc-9 | Molecular Devices M2 plate reader,1
OSD-488,Viv19,Viv19_sol,Soleus,Calcium Uptake | Protein Quantification,2,1,Calcium Uptake | Protein Quantification,Spectrofluorimetric Assay | Western Blot,BioRad ChemiDoc-2 | BioRad ChemiDoc-3 | BioRad ChemiDoc-4 | BioRad ChemiDoc-5 | BioRad ChemiDoc-6 | BioRad ChemiDoc-7 | BioRad ChemiDoc-8 | Molecular Devices M2 plate reader,1
OSD-488,Viv19,Viv19_ta,Tibialis Anterior,Calcium Uptake | Protein Quantification,2,1,Calcium Uptake | Protein Quantification,Spectrofluorimetric Assay | Western Blot,BioRad ChemiDoc | BioRad ChemiDoc-1 | BioRad ChemiDoc-5 | BioRad ChemiDoc-6 | BioRad ChemiDoc-7 | BioRad ChemiDoc-8 | BioRad ChemiDoc-9 | Molecular Devices M2 plate reader,1
OSD-488,Viv20,Viv20_sol,Soleus,Calcium Uptake | Protein Quantification,2,1,Calcium Uptake | Protein Quantification,Spectrofluorimetric Assay | Western Blot,BioRad ChemiDoc-2 | BioRad ChemiDoc-3 | BioRad ChemiDoc-4 | BioRad ChemiDoc-5 | BioRad ChemiDoc-6 | BioRad ChemiDoc-7 | BioRad ChemiDoc-8 | Molecular Devices M2 plate reader,1
OSD-488,Viv20,Viv20_ta,Tibialis Anterior,Calcium Uptake | Protein Quantification,2,1,Calcium Uptake | Protein Quantification,Spectrofluorimetric Assay | Western Blot,BioRad ChemiDoc | BioRad ChemiDoc-1 | BioRad ChemiDoc-5 | BioRad ChemiDoc-6 | BioRad ChemiDoc-7 | BioRad ChemiDoc-8 | BioRad ChemiDoc-9 | Molecular Devices M2 plate reader,1
OSD-488,CC11,CC11_ta,Tibialis Anterior,Calcium Uptake,1,1,Calcium Uptake,Spectrofluorimetric Assay,Molecular Devices M2 plate reader,2
OSD-488,CC12,CC12_ta,Tibialis Anterior,Calcium Uptake,1,1,Calcium Uptake,Spectrofluorimetric Assay,Molecular Devices M2 plate reader,2
OSD-488,CC13,CC13_sol,Soleus,Calcium Uptake,1,1,Calcium Uptake,Spectrofluorimetric Assay,Molecular Devices M2 plate reader,2
OSD-488,CC13,CC13_ta,Tibialis Anterior,Calcium Uptake,1,1,Calcium Uptake,Spectrofluorimetric Assay,Molecular Devices M2 plate reader,2
OSD-488,CC14,CC14_sol,Soleus,Calcium Uptake,1,1,Calcium Uptake,Spectrofluorimetric Assay,Molecular Devices M2 plate reader,2
OSD-488,CC15,CC15_sol,Soleus,Calcium Uptake,1,1,Calcium Uptake,Spectrofluorimetric Assay,Molecular Devices M2 plate reader,2
OSD-488,CC15,CC15_ta,Tibialis Anterior,Calcium Uptake,1,1,Calcium Uptake,Spectrofluorimetric Assay,Molecular Devices M2 plate reader,2
OSD-488,CC16,CC16_ta,Tibialis Anterior,Calcium Uptake,1,1,Calcium Uptake,Spectrofluorimetric Assay,Molecular Devices M2 plate reader,2
OSD-488,CC17,CC17_sol,Soleus,Calcium Uptake,1,1,Calcium Uptake,Spectrofluorimetric Assay,Molecular Devices M2 plate reader,2
OSD-488,CC18,CC18_sol,Soleus,Calcium Uptake,1,1,Calcium Uptake,Spectrofluorimetric Assay,Molecular Devices M2 plate reader,2
OSD-488,CC19,CC19_sol,Soleus,Calcium Uptake,1,1,Calcium Uptake,Spectrofluorimetric Assay,Molecular Devices M2 plate reader,2
OSD-488,F14,F14_sol,Soleus,Protein Quantification,1,1,Protein Quantification,Western Blot,BioRad ChemiDoc-2 | BioRad ChemiDoc-3 | BioRad ChemiDoc-4 | BioRad ChemiDoc-5 | BioRad ChemiDoc-6 | BioRad ChemiDoc-7 | BioRad ChemiDoc-8,2
OSD-488,FViv11,FViv11_sol,Soleus,Calcium Uptake,1,1,Calcium Uptake,Spectrofluorimetric Assay,Molecular Devices M2 plate reader,2
OSD-488,FViv12,FViv12_sol,Soleus,Calcium Uptake,1,1,Calcium Uptake,Spectrofluorimetric Assay,Molecular Devices M2 plate reader,2
OSD-488,FViv12,FViv12_ta,Tibialis Anterior,Calcium Uptake,1,1,Calcium Uptake,Spectrofluorimetric Assay,Molecular Devices M2 plate reader,2
OSD-488,FViv13,FViv13_sol,Soleus,Calcium Uptake,1,1,Calcium Uptake,Spectrofluorimetric Assay,Molecular Devices M2 plate reader,2
OSD-488,FViv13,FViv13_ta,Tibialis Anterior,Calcium Uptake,1,1,Calcium Uptake,Spectrofluorimetric Assay,Molecular Devices M2 plate reader,2
OSD-488,FViv14,FViv14_sol,Soleus,Calcium Uptake,1,1,Calcium Uptake,Spectrofluorimetric Assay,Molecular Devices M2 plate reader,2
OSD-488,FViv14,FViv14_ta,Tibialis Anterior,Calcium Uptake,1,1,Calcium Uptake,Spectrofluorimetric Assay,Molecular Devices M2 plate reader,2
OSD-488,FViv15,FViv15_sol,Soleus,Calcium Uptake,1,1,Calcium Uptake,Spectrofluorimetric Assay,Molecular Devices M2 plate reader,2
OSD-488,FViv15,FViv15_ta,Tibialis Anterior,Calcium Uptake,1,1,Calcium Uptake,Spectrofluorimetric Assay,Molecular Devices M2 plate reader,2
OSD-488,FViv16,FViv16_sol,Soleus,Calcium Uptake,1,1,Calcium Uptake,Spectrofluorimetric Assay,Molecular Devices M2 plate reader,2
OSD-488,Viv15,Viv15_sol,Soleus,Protein Quantification,1,1,Protein Quantification,Western Blot,BioRad ChemiDoc-2 | BioRad ChemiDoc-3 | BioRad ChemiDoc-4 | BioRad ChemiDoc-5 | BioRad ChemiDoc-6 | BioRad ChemiDoc-7 | BioRad ChemiDoc-8,2
OSD-489,m1,B1_m1_L4,lumbar vertebra 4,Bone Microstructure,1,0,Bone Microstructure,Micro Computed Tomography,bruker skyscan,1
OSD-489,m10,B10_m10_L4,lumbar vertebra 4,Bone Microstructure,1,0,Bone Microstructure,Micro Computed Tomography,bruker skyscan,1
OSD-489,m11,VIV1_m11_L4,lumbar vertebra 4,Bone Microstructure,1,0,Bone Microstructure,Micro Computed Tomography,bruker skyscan,1
OSD-489,m12,VIV2_m12_L4,lumbar vertebra 4,Bone Microstructure,1,0,Bone Microstructure,Micro Computed Tomography,bruker skyscan,1
OSD-489,m13,VIV3_m13_L4,lumbar vertebra 4,Bone Microstructure,1,0,Bone Microstructure,Micro Computed Tomography,bruker skyscan,1
OSD-489,m14,VIV4_m14_L4,lumbar vertebra 4,Bone Microstructure,1,0,Bone Microstructure,Micro Computed Tomography,bruker skyscan,1
OSD-489,m15,VIV5_m15_L4,lumbar vertebra 4,Bone Microstructure,1,0,Bone Microstructure,Micro Computed Tomography,bruker skyscan,1
OSD-489,m16,VIV6_m16_L4,lumbar vertebra 4,Bone Microstructure,1,0,Bone Microstructure,Micro Computed Tomography,bruker skyscan,1
OSD-489,m17,VIV7_m17_L4,lumbar vertebra 4,Bone Microstructure,1,0,Bone Microstructure,Micro Computed Tomography,bruker skyscan,1
OSD-489,m18,VIV8_m18_L4,lumbar vertebra 4,Bone Microstructure,1,0,Bone Microstructure,Micro Computed Tomography,bruker skyscan,1
OSD-489,m19,VIV9_m19_L4,lumbar vertebra 4,Bone Microstructure,1,0,Bone Microstructure,Micro Computed Tomography,bruker skyscan,1
OSD-489,m2,B2_m2_L4,lumbar vertebra 4,Bone Microstructure,1,0,Bone Microstructure,Micro Computed Tomography,bruker skyscan,1
OSD-489,m20,VIV10_m20_L4,lumbar vertebra 4,Bone Microstructure,1,0,Bone Microstructure,Micro Computed Tomography,bruker skyscan,1
OSD-489,m21,FLT1_m21_L4,lumbar vertebra 4,Bone Microstructure,1,0,Bone Microstructure,Micro Computed Tomography,bruker skyscan,1
OSD-489,m22,FLT2_m22_L4,lumbar vertebra 4,Bone Microstructure,1,0,Bone Microstructure,Micro Computed Tomography,bruker skyscan,1
OSD-489,m23,FLT3_m23_L4,lumbar vertebra 4,Bone Microstructure,1,0,Bone Microstructure,Micro Computed Tomography,bruker skyscan,1
OSD-489,m25,FLT5_m25_L4,lumbar vertebra 4,Bone Microstructure,1,0,Bone Microstructure,Micro Computed Tomography,bruker skyscan,1
OSD-489,m26,FLT6_m26_L4,lumbar vertebra 4,Bone Microstructure,1,0,Bone Microstructure,Micro Computed Tomography,bruker skyscan,1
OSD-489,m27,FLT7_m27_L4,lumbar vertebra 4,Bone Microstructure,1,0,Bone Microstructure,Micro Computed Tomography,bruker skyscan,1
OSD-489,m29,FLT9_m29_L4,lumbar vertebra 4,Bone Microstructure,1,0,Bone Microstructure,Micro Computed Tomography,bruker skyscan,1
OSD-489,m3,B3_m3_L4,lumbar vertebra 4,Bone Microstructure,1,0,Bone Microstructure,Micro Computed Tomography,bruker skyscan,1
OSD-489,m30,FLT10_m30_L4,lumbar vertebra 4,Bone Microstructure,1,0,Bone Microstructure,Micro Computed Tomography,bruker skyscan,1
OSD-489,m31,GC1_m31_L4,lumbar vertebra 4,Bone Microstructure,1,0,Bone Microstructure,Micro Computed Tomography,bruker skyscan,1
OSD-489,m32,GC2_m32_L4,lumbar vertebra 4,Bone Microstructure,1,0,Bone Microstructure,Micro Computed Tomography,bruker skyscan,1
OSD-489,m33,GC3_m33_L4,lumbar vertebra 4,Bone Microstructure,1,0,Bone Microstructure,Micro Computed Tomography,bruker skyscan,1
OSD-489,m35,GC5_m35_L4,lumbar vertebra 4,Bone Microstructure,1,0,Bone Microstructure,Micro Computed Tomography,bruker skyscan,1
OSD-489,m36,GC6_m36_L4,lumbar vertebra 4,Bone Microstructure,1,0,Bone Microstructure,Micro Computed Tomography,bruker skyscan,1
OSD-489,m37,GC7_m37_L4,lumbar vertebra 4,Bone Microstructure,1,0,Bone Microstructure,Micro Computed Tomography,bruker skyscan,1
OSD-489,m38,GC8_m38_L4,lumbar vertebra 4,Bone Microstructure,1,0,Bone Microstructure,Micro Computed Tomography,bruker skyscan,1
OSD-489,m39,GC9_m39_L4,lumbar vertebra 4,Bone Microstructure,1,0,Bone Microstructure,Micro Computed Tomography,bruker skyscan,1
OSD-489,m4,B4_m4_L4,lumbar vertebra 4,Bone Microstructure,1,0,Bone Microstructure,Micro Computed Tomography,bruker skyscan,1
OSD-489,m40,GC10_m40_L4,lumbar vertebra 4,Bone Microstructure,1,0,Bone Microstructure,Micro Computed Tomography,bruker skyscan,1
OSD-489,m5,B5_m5_L4,lumbar vertebra 4,Bone Microstructure,1,0,Bone Microstructure,Micro Computed Tomography,bruker skyscan,1
OSD-489,m6,B6_m6_L4,lumbar vertebra 4,Bone Microstructure,1,0,Bone Microstructure,Micro Computed Tomography,bruker skyscan,1
OSD-489,m7,B7_m7_L4,lumbar vertebra 4,Bone Microstructure,1,0,Bone Microstructure,Micro Computed Tomography,bruker skyscan,1
OSD-489,m8,B8_m8_L4,lumbar vertebra 4,Bone Microstructure,1,0,Bone Microstructure,Micro Computed Tomography,bruker skyscan,1
OSD-489,m9,B9_m9_L4,lumbar vertebra 4,Bone Microstructure,1,0,Bone Microstructure,Micro Computed Tomography,bruker skyscan,1
