osd_id,sample_id,age,mouse_id,n_mice_total,Has_RNAseq,mouse_genetic_variant,mouse_source,study purpose,n_RNAseq_mice,age_when_sent_to_space
OSD-48,Mmus_C57-6J_LVR_BSL_C_Rep1_M4,16,RR1_BSL_M4,31,Yes,,Jackson Laboratory,Translating fundamental biological discoveries from NASA Space Biology program into health risk from space flights has been an ongoing challenge. We propose to use NASA GeneLab database to gain new...,31,16
OSD-48,Mmus_C57-6J_LVR_BSL_C_Rep2_M5,16,RR1_BSL_M5,31,Yes,,Jackson Laboratory,Translating fundamental biological discoveries from NASA Space Biology program into health risk from space flights has been an ongoing challenge. We propose to use NASA GeneLab database to gain new...,31,16
OSD-48,Mmus_C57-6J_LVR_BSL_C_Rep3_M7,16,RR1_BSL_M7,31,Yes,,Jackson Laboratory,Translating fundamental biological discoveries from NASA Space Biology program into health risk from space flights has been an ongoing challenge. We propose to use NASA GeneLab database to gain new...,31,16
OSD-48,Mmus_C57-6J_LVR_BSL_C_Rep4_M8,16,RR1_BSL_M8,31,Yes,,Jackson Laboratory,Translating fundamental biological discoveries from NASA Space Biology program into health risk from space flights has been an ongoing challenge. We propose to use NASA GeneLab database to gain new...,31,16
OSD-48,Mmus_C57-6J_LVR_BSL_C_Rep5_M10,16,RR1_BSL_M10,31,Yes,,Jackson Laboratory,Translating fundamental biological discoveries from NASA Space Biology program into health risk from space flights has been an ongoing challenge. We propose to use NASA GeneLab database to gain new...,31,16
OSD-48,Mmus_C57-6J_LVR_VIV_C_Rep1_M16,16,RR1_VIV_M16,31,Yes,,Jackson Laboratory,Translating fundamental biological discoveries from NASA Space Biology program into health risk from space flights has been an ongoing challenge. We propose to use NASA GeneLab database to gain new...,31,16
OSD-48,Mmus_C57-6J_LVR_VIV_C_Rep2_M17,16,RR1_VIV_M17,31,Yes,,Jackson Laboratory,Translating fundamental biological discoveries from NASA Space Biology program into health risk from space flights has been an ongoing challenge. We propose to use NASA GeneLab database to gain new...,31,16
OSD-48,Mmus_C57-6J_LVR_VIV_C_Rep3_M18,16,RR1_VIV_M18,31,Yes,,Jackson Laboratory,Translating fundamental biological discoveries from NASA Space Biology program into health risk from space flights has been an ongoing challenge. We propose to use NASA GeneLab database to gain new...,31,16
OSD-48,Mmus_C57-6J_LVR_VIV_C_Rep4_M19,16,RR1_VIV_M19,31,Yes,,Jackson Laboratory,Translating fundamental biological discoveries from NASA Space Biology program into health risk from space flights has been an ongoing challenge. We propose to use NASA GeneLab database to gain new...,31,16
OSD-48,Mmus_C57-6J_LVR_VIV_C_Rep5_M20,16,RR1_VIV_M20,31,Yes,,Jackson Laboratory,Translating fundamental biological discoveries from NASA Space Biology program into health risk from space flights has been an ongoing challenge. We propose to use NASA GeneLab database to gain new...,31,16
OSD-48,Mmus_C57-6J_LVR_FLT_I_Rep1_M21,16,RR1_FLT_M21,31,Yes,,Jackson Laboratory,Translating fundamental biological discoveries from NASA Space Biology program into health risk from space flights has been an ongoing challenge. We propose to use NASA GeneLab database to gain new...,31,16
OSD-48,Mmus_C57-6J_LVR_FLT_I_Rep2_M22,16,RR1_FLT_M22,31,Yes,,Jackson Laboratory,Translating fundamental biological discoveries from NASA Space Biology program into health risk from space flights has been an ongoing challenge. We propose to use NASA GeneLab database to gain new...,31,16
OSD-48,Mmus_C57-6J_LVR_FLT_C_Rep1_M25,16,RR1_FLT_M25,31,Yes,,Jackson Laboratory,Translating fundamental biological discoveries from NASA Space Biology program into health risk from space flights has been an ongoing challenge. We propose to use NASA GeneLab database to gain new...,31,16
OSD-48,Mmus_C57-6J_LVR_FLT_C_Rep2_M26,16,RR1_FLT_M26,31,Yes,,Jackson Laboratory,Translating fundamental biological discoveries from NASA Space Biology program into health risk from space flights has been an ongoing challenge. We propose to use NASA GeneLab database to gain new...,31,16
OSD-48,Mmus_C57-6J_LVR_FLT_C_Rep3_M27,16,RR1_FLT_M27,31,Yes,,Jackson Laboratory,Translating fundamental biological discoveries from NASA Space Biology program into health risk from space flights has been an ongoing challenge. We propose to use NASA GeneLab database to gain new...,31,16
OSD-48,Mmus_C57-6J_LVR_FLT_C_Rep4_M28,16,RR1_FLT_M28,31,Yes,,Jackson Laboratory,Translating fundamental biological discoveries from NASA Space Biology program into health risk from space flights has been an ongoing challenge. We propose to use NASA GeneLab database to gain new...,31,16
OSD-48,Mmus_C57-6J_LVR_FLT_C_Rep6_M29,16,RR1_FLT_M29,31,Yes,,Jackson Laboratory,Translating fundamental biological discoveries from NASA Space Biology program into health risk from space flights has been an ongoing challenge. We propose to use NASA GeneLab database to gain new...,31,16
OSD-48,Mmus_C57-6J_LVR_FLT_C_Rep5_M30,16,RR1_FLT_M30,31,Yes,,Jackson Laboratory,Translating fundamental biological discoveries from NASA Space Biology program into health risk from space flights has been an ongoing challenge. We propose to use NASA GeneLab database to gain new...,31,16
OSD-48,Mmus_C57-6J_LVR_GC_I_Rep1_M31,16,RR1_GC_M31,31,Yes,,Jackson Laboratory,Translating fundamental biological discoveries from NASA Space Biology program into health risk from space flights has been an ongoing challenge. We propose to use NASA GeneLab database to gain new...,31,16
OSD-48,Mmus_C57-6J_LVR_GC_I_Rep2_M32,16,RR1_GC_M32,31,Yes,,Jackson Laboratory,Translating fundamental biological discoveries from NASA Space Biology program into health risk from space flights has been an ongoing challenge. We propose to use NASA GeneLab database to gain new...,31,16
OSD-48,Mmus_C57-6J_LVR_GC_C_Rep6_M35,16,RR1_GC_M35,31,Yes,,Jackson Laboratory,Translating fundamental biological discoveries from NASA Space Biology program into health risk from space flights has been an ongoing challenge. We propose to use NASA GeneLab database to gain new...,31,16
OSD-48,Mmus_C57-6J_LVR_GC_C_Rep1_M36,16,RR1_GC_M36,31,Yes,,Jackson Laboratory,Translating fundamental biological discoveries from NASA Space Biology program into health risk from space flights has been an ongoing challenge. We propose to use NASA GeneLab database to gain new...,31,16
OSD-48,Mmus_C57-6J_LVR_GC_C_Rep2_M37,16,RR1_GC_M37,31,Yes,,Jackson Laboratory,Translating fundamental biological discoveries from NASA Space Biology program into health risk from space flights has been an ongoing challenge. We propose to use NASA GeneLab database to gain new...,31,16
OSD-48,Mmus_C57-6J_LVR_GC_C_Rep3_M38,16,RR1_GC_M38,31,Yes,,Jackson Laboratory,Translating fundamental biological discoveries from NASA Space Biology program into health risk from space flights has been an ongoing challenge. We propose to use NASA GeneLab database to gain new...,31,16
OSD-48,Mmus_C57-6J_LVR_GC_C_Rep4_M39,16,RR1_GC_M39,31,Yes,,Jackson Laboratory,Translating fundamental biological discoveries from NASA Space Biology program into health risk from space flights has been an ongoing challenge. We propose to use NASA GeneLab database to gain new...,31,16
OSD-48,Mmus_C57-6J_LVR_GC_C_Rep5_M40,16,RR1_GC_M40,31,Yes,,Jackson Laboratory,Translating fundamental biological discoveries from NASA Space Biology program into health risk from space flights has been an ongoing challenge. We propose to use NASA GeneLab database to gain new...,31,16
OSD-48,RR1_GC_NASA+CASIS_LVR_POOL,16,RR1_GC_NASA+CASIS_LVR_POOL,31,Yes,,Jackson Laboratory,Translating fundamental biological discoveries from NASA Space Biology program into health risk from space flights has been an ongoing challenge. We propose to use NASA GeneLab database to gain new...,31,16
OSD-48,RR1_GC_NASA_LVR_POOL,16,RR1_GC_NASA_LVR_POOL,31,Yes,,Jackson Laboratory,Translating fundamental biological discoveries from NASA Space Biology program into health risk from space flights has been an ongoing challenge. We propose to use NASA GeneLab database to gain new...,31,16
OSD-48,RR1_BA_CASIS_LVR_POOL,8,RR1_BA_CASIS_LVR_POOL,31,Yes,,Jackson Laboratory,Translating fundamental biological discoveries from NASA Space Biology program into health risk from space flights has been an ongoing challenge. We propose to use NASA GeneLab database to gain new...,31,16
OSD-48,RR1_FLT_NASA+CASIS_LVR_POOL,16,RR1_FLT_NASA+CASIS_LVR_POOL,31,Yes,,Jackson Laboratory,Translating fundamental biological discoveries from NASA Space Biology program into health risk from space flights has been an ongoing challenge. We propose to use NASA GeneLab database to gain new...,31,16
OSD-48,RR1_FLT_NASA_LVR_POOL,8,RR1_FLT_NASA_LVR_POOL,31,Yes,,Jackson Laboratory,Translating fundamental biological discoveries from NASA Space Biology program into health risk from space flights has been an ongoing challenge. We propose to use NASA GeneLab database to gain new...,31,16
OSD-48,RR1_BSL_VIV_NASA_LVR_POOL,16,RR1_BA_CASIS_LVR_POOL,31,Yes,,Jackson Laboratory,Translating fundamental biological discoveries from NASA Space Biology program into health risk from space flights has been an ongoing challenge. We propose to use NASA GeneLab database to gain new...,31,16
OSD-100,Mmus_C57-6J_EYE_GC_Rep1_M33,16,RR1_GC_M33,12,Yes,,Jackson Laboratory,NASA's Rodent Research (RR) project is playing a critical role in advancing biomedical research on the physiological effects of space environments. Due to the limited resources for conducting...,12,16
OSD-100,Mmus_C57-6J_EYE_GC_Rep2_M34,16,RR1_GC_M34,12,Yes,,Jackson Laboratory,NASA's Rodent Research (RR) project is playing a critical role in advancing biomedical research on the physiological effects of space environments. Due to the limited resources for conducting...,12,16
OSD-100,Mmus_C57-6J_EYE_GC_Rep3_M35,16,RR1_GC_M35,12,Yes,,Jackson Laboratory,NASA's Rodent Research (RR) project is playing a critical role in advancing biomedical research on the physiological effects of space environments. Due to the limited resources for conducting...,12,16
OSD-100,Mmus_C57-6J_EYE_GC_Rep4_M36,16,RR1_GC_M36,12,Yes,,Jackson Laboratory,NASA's Rodent Research (RR) project is playing a critical role in advancing biomedical research on the physiological effects of space environments. Due to the limited resources for conducting...,12,16
OSD-100,Mmus_C57-6J_EYE_GC_Rep5_M37,16,RR1_GC_M37,12,Yes,,Jackson Laboratory,NASA's Rodent Research (RR) project is playing a critical role in advancing biomedical research on the physiological effects of space environments. Due to the limited resources for conducting...,12,16
OSD-100,Mmus_C57-6J_EYE_GC_Rep6_M38,16,RR1_GC_M38,12,Yes,,Jackson Laboratory,NASA's Rodent Research (RR) project is playing a critical role in advancing biomedical research on the physiological effects of space environments. Due to the limited resources for conducting...,12,16
OSD-100,Mmus_C57-6J_EYE_FLT_Rep1_M23,16,RR1_FLT_M23,12,Yes,,Jackson Laboratory,NASA's Rodent Research (RR) project is playing a critical role in advancing biomedical research on the physiological effects of space environments. Due to the limited resources for conducting...,12,16
OSD-100,Mmus_C57-6J_EYE_FLT_Rep2_M24,16,RR1_FLT_M24,12,Yes,,Jackson Laboratory,NASA's Rodent Research (RR) project is playing a critical role in advancing biomedical research on the physiological effects of space environments. Due to the limited resources for conducting...,12,16
OSD-100,Mmus_C57-6J_EYE_FLT_Rep3_M25,16,RR1_FLT_M25,12,Yes,,Jackson Laboratory,NASA's Rodent Research (RR) project is playing a critical role in advancing biomedical research on the physiological effects of space environments. Due to the limited resources for conducting...,12,16
OSD-100,Mmus_C57-6J_EYE_FLT_Rep4_M26,16,RR1_FLT_M26,12,Yes,,Jackson Laboratory,NASA's Rodent Research (RR) project is playing a critical role in advancing biomedical research on the physiological effects of space environments. Due to the limited resources for conducting...,12,16
OSD-100,Mmus_C57-6J_EYE_FLT_Rep5_M27,16,RR1_FLT_M27,12,Yes,,Jackson Laboratory,NASA's Rodent Research (RR) project is playing a critical role in advancing biomedical research on the physiological effects of space environments. Due to the limited resources for conducting...,12,16
OSD-100,Mmus_C57-6J_EYE_FLT_Rep6_M28,16,RR1_FLT_M28,12,Yes,,Jackson Laboratory,NASA's Rodent Research (RR) project is playing a critical role in advancing biomedical research on the physiological effects of space environments. Due to the limited resources for conducting...,12,16
OSD-101,Mmus_C57-6J_GST_GC_Rep1_M33,16,RR1_GC_M33,16,Yes,,Jackson Laboratory,NASA's Rodent Research (RR) project is playing a critical role in advancing biomedical research on the physiological effects of space environments. Due to the limited resources for conducting...,16,16
OSD-101,Mmus_C57-6J_GST_GC_Rep2_M34,16,RR1_GC_M34,16,Yes,,Jackson Laboratory,NASA's Rodent Research (RR) project is playing a critical role in advancing biomedical research on the physiological effects of space environments. Due to the limited resources for conducting...,16,16
OSD-101,Mmus_C57-6J_GST_GC_Rep3_M35,16,RR1_GC_M35,16,Yes,,Jackson Laboratory,NASA's Rodent Research (RR) project is playing a critical role in advancing biomedical research on the physiological effects of space environments. Due to the limited resources for conducting...,16,16
OSD-101,Mmus_C57-6J_GST_GC_Rep4_M36,16,RR1_GC_M36,16,Yes,,Jackson Laboratory,NASA's Rodent Research (RR) project is playing a critical role in advancing biomedical research on the physiological effects of space environments. Due to the limited resources for conducting...,16,16
OSD-101,Mmus_C57-6J_GST_GC_Rep5_M37,16,RR1_GC_M37,16,Yes,,Jackson Laboratory,NASA's Rodent Research (RR) project is playing a critical role in advancing biomedical research on the physiological effects of space environments. Due to the limited resources for conducting...,16,16
OSD-101,Mmus_C57-6J_GST_GC_Rep6_M38,16,RR1_GC_M38,16,Yes,,Jackson Laboratory,NASA's Rodent Research (RR) project is playing a critical role in advancing biomedical research on the physiological effects of space environments. Due to the limited resources for conducting...,16,16
OSD-101,Mmus_C57-6J_GST_FLT_Rep1_M23,16,RR1_FLT_M23,16,Yes,,Jackson Laboratory,NASA's Rodent Research (RR) project is playing a critical role in advancing biomedical research on the physiological effects of space environments. Due to the limited resources for conducting...,16,16
OSD-101,Mmus_C57-6J_GST_FLT_Rep2_M24,16,RR1_FLT_M24,16,Yes,,Jackson Laboratory,NASA's Rodent Research (RR) project is playing a critical role in advancing biomedical research on the physiological effects of space environments. Due to the limited resources for conducting...,16,16
OSD-101,Mmus_C57-6J_GST_FLT_Rep3_M25,16,RR1_FLT_M25,16,Yes,,Jackson Laboratory,NASA's Rodent Research (RR) project is playing a critical role in advancing biomedical research on the physiological effects of space environments. Due to the limited resources for conducting...,16,16
OSD-101,Mmus_C57-6J_GST_FLT_Rep4_M26,16,RR1_FLT_M26,16,Yes,,Jackson Laboratory,NASA's Rodent Research (RR) project is playing a critical role in advancing biomedical research on the physiological effects of space environments. Due to the limited resources for conducting...,16,16
OSD-101,Mmus_C57-6J_GST_FLT_Rep5_M27,16,RR1_FLT_M27,16,Yes,,Jackson Laboratory,NASA's Rodent Research (RR) project is playing a critical role in advancing biomedical research on the physiological effects of space environments. Due to the limited resources for conducting...,16,16
OSD-101,Mmus_C57-6J_GST_FLT_Rep6_M28,16,RR1_FLT_M28,16,Yes,,Jackson Laboratory,NASA's Rodent Research (RR) project is playing a critical role in advancing biomedical research on the physiological effects of space environments. Due to the limited resources for conducting...,16,16
OSD-101,Pool of all FLT samples,16,Pool of all FLT samples,16,Yes,,Jackson Laboratory,NASA's Rodent Research (RR) project is playing a critical role in advancing biomedical research on the physiological effects of space environments. Due to the limited resources for conducting...,16,16
OSD-101,Pool of all GC samples,16,Pool of all GC samples,16,Yes,,Jackson Laboratory,NASA's Rodent Research (RR) project is playing a critical role in advancing biomedical research on the physiological effects of space environments. Due to the limited resources for conducting...,16,16
OSD-101,Pool of all FLT and GC samples,16,Pool of all FLT and GC samples,16,Yes,,Jackson Laboratory,NASA's Rodent Research (RR) project is playing a critical role in advancing biomedical research on the physiological effects of space environments. Due to the limited resources for conducting...,16,16
OSD-101,Empty Pool,16,Empty Pool,16,Yes,,Jackson Laboratory,NASA's Rodent Research (RR) project is playing a critical role in advancing biomedical research on the physiological effects of space environments. Due to the limited resources for conducting...,16,16
OSD-102,Mmus_C57-6J_KDN_FLT_Rep1_M23,16,RR1_FLT_M23,16,Yes,,Jackson Laboratory,NASA's Rodent Research (RR) project is playing a critical role in advancing biomedical research on the physiological effects of space environments. Due to the limited resources for conducting...,16,16
OSD-102,Mmus_C57-6J_KDN_FLT_Rep2_M24,16,RR1_FLT_M24,16,Yes,,Jackson Laboratory,NASA's Rodent Research (RR) project is playing a critical role in advancing biomedical research on the physiological effects of space environments. Due to the limited resources for conducting...,16,16
OSD-102,Mmus_C57-6J_KDN_FLT_Rep3_M25,16,RR1_FLT_M25,16,Yes,,Jackson Laboratory,NASA's Rodent Research (RR) project is playing a critical role in advancing biomedical research on the physiological effects of space environments. Due to the limited resources for conducting...,16,16
OSD-102,Mmus_C57-6J_KDN_FLT_Rep4_M26,16,RR1_FLT_M26,16,Yes,,Jackson Laboratory,NASA's Rodent Research (RR) project is playing a critical role in advancing biomedical research on the physiological effects of space environments. Due to the limited resources for conducting...,16,16
OSD-102,Mmus_C57-6J_KDN_FLT_Rep5_M27,16,RR1_FLT_M27,16,Yes,,Jackson Laboratory,NASA's Rodent Research (RR) project is playing a critical role in advancing biomedical research on the physiological effects of space environments. Due to the limited resources for conducting...,16,16
OSD-102,Mmus_C57-6J_KDN_FLT_Rep6_M28,16,RR1_FLT_M28,16,Yes,,Jackson Laboratory,NASA's Rodent Research (RR) project is playing a critical role in advancing biomedical research on the physiological effects of space environments. Due to the limited resources for conducting...,16,16
OSD-102,Mmus_C57-6J_KDN_GC_Rep1_M33,16,RR1_GC_M33,16,Yes,,Jackson Laboratory,NASA's Rodent Research (RR) project is playing a critical role in advancing biomedical research on the physiological effects of space environments. Due to the limited resources for conducting...,16,16
OSD-102,Mmus_C57-6J_KDN_GC_Rep2_M34,16,RR1_GC_M34,16,Yes,,Jackson Laboratory,NASA's Rodent Research (RR) project is playing a critical role in advancing biomedical research on the physiological effects of space environments. Due to the limited resources for conducting...,16,16
OSD-102,Mmus_C57-6J_KDN_GC_Rep3_M35,16,RR1_GC_M35,16,Yes,,Jackson Laboratory,NASA's Rodent Research (RR) project is playing a critical role in advancing biomedical research on the physiological effects of space environments. Due to the limited resources for conducting...,16,16
OSD-102,Mmus_C57-6J_KDN_GC_Rep4_M36,16,RR1_GC_M36,16,Yes,,Jackson Laboratory,NASA's Rodent Research (RR) project is playing a critical role in advancing biomedical research on the physiological effects of space environments. Due to the limited resources for conducting...,16,16
OSD-102,Mmus_C57-6J_KDN_GC_Rep5_M37,16,RR1_GC_M37,16,Yes,,Jackson Laboratory,NASA's Rodent Research (RR) project is playing a critical role in advancing biomedical research on the physiological effects of space environments. Due to the limited resources for conducting...,16,16
OSD-102,Mmus_C57-6J_KDN_GC_Rep6_M38,16,RR1_GC_M38,16,Yes,,Jackson Laboratory,NASA's Rodent Research (RR) project is playing a critical role in advancing biomedical research on the physiological effects of space environments. Due to the limited resources for conducting...,16,16
OSD-102,Pool of all FLT samples,16,Pool of all FLT samples,16,Yes,,Jackson Laboratory,NASA's Rodent Research (RR) project is playing a critical role in advancing biomedical research on the physiological effects of space environments. Due to the limited resources for conducting...,16,16
OSD-102,Pool of all GC samples,16,Pool of all GC samples,16,Yes,,Jackson Laboratory,NASA's Rodent Research (RR) project is playing a critical role in advancing biomedical research on the physiological effects of space environments. Due to the limited resources for conducting...,16,16
OSD-102,Pool of all FLT and GC samples,16,Pool of all FLT and GC samples,16,Yes,,Jackson Laboratory,NASA's Rodent Research (RR) project is playing a critical role in advancing biomedical research on the physiological effects of space environments. Due to the limited resources for conducting...,16,16
OSD-102,Empty Pool,16,Empty Pool,16,Yes,,Jackson Laboratory,NASA's Rodent Research (RR) project is playing a critical role in advancing biomedical research on the physiological effects of space environments. Due to the limited resources for conducting...,16,16
OSD-103,Mmus_C57-6J_Quad_FLT_Rep1_M23,16,RR1_FLT_M23,16,Yes,,Jackson Laboratory,NASA's Rodent Research (RR) project is playing a critical role in advancing biomedical research on the physiological effects of space environments. Due to the limited resources for conducting...,16,16
OSD-103,Mmus_C57-6J_Quad_FLT_Rep2_M24,16,RR1_FLT_M24,16,Yes,,Jackson Laboratory,NASA's Rodent Research (RR) project is playing a critical role in advancing biomedical research on the physiological effects of space environments. Due to the limited resources for conducting...,16,16
OSD-103,Mmus_C57-6J_Quad_FLT_Rep3_M25,16,RR1_FLT_M25,16,Yes,,Jackson Laboratory,NASA's Rodent Research (RR) project is playing a critical role in advancing biomedical research on the physiological effects of space environments. Due to the limited resources for conducting...,16,16
OSD-103,Mmus_C57-6J_Quad_FLT_Rep4_M26,16,RR1_FLT_M26,16,Yes,,Jackson Laboratory,NASA's Rodent Research (RR) project is playing a critical role in advancing biomedical research on the physiological effects of space environments. Due to the limited resources for conducting...,16,16
OSD-103,Mmus_C57-6J_Quad_FLT_Rep5_M27,16,RR1_FLT_M27,16,Yes,,Jackson Laboratory,NASA's Rodent Research (RR) project is playing a critical role in advancing biomedical research on the physiological effects of space environments. Due to the limited resources for conducting...,16,16
OSD-103,Mmus_C57-6J_Quad_FLT_Rep6_M28,16,RR1_FLT_M28,16,Yes,,Jackson Laboratory,NASA's Rodent Research (RR) project is playing a critical role in advancing biomedical research on the physiological effects of space environments. Due to the limited resources for conducting...,16,16
OSD-103,Mmus_C57-6J_Quad_GC_Rep1_M33,16,RR1_GC_M33,16,Yes,,Jackson Laboratory,NASA's Rodent Research (RR) project is playing a critical role in advancing biomedical research on the physiological effects of space environments. Due to the limited resources for conducting...,16,16
OSD-103,Mmus_C57-6J_Quad_GC_Rep2_M34,16,RR1_GC_M34,16,Yes,,Jackson Laboratory,NASA's Rodent Research (RR) project is playing a critical role in advancing biomedical research on the physiological effects of space environments. Due to the limited resources for conducting...,16,16
OSD-103,Mmus_C57-6J_Quad_GC_Rep3_M35,16,RR1_GC_M35,16,Yes,,Jackson Laboratory,NASA's Rodent Research (RR) project is playing a critical role in advancing biomedical research on the physiological effects of space environments. Due to the limited resources for conducting...,16,16
OSD-103,Mmus_C57-6J_Quad_GC_Rep4_M36,16,RR1_GC_M36,16,Yes,,Jackson Laboratory,NASA's Rodent Research (RR) project is playing a critical role in advancing biomedical research on the physiological effects of space environments. Due to the limited resources for conducting...,16,16
OSD-103,Mmus_C57-6J_Quad_GC_Rep5_M37,16,RR1_GC_M37,16,Yes,,Jackson Laboratory,NASA's Rodent Research (RR) project is playing a critical role in advancing biomedical research on the physiological effects of space environments. Due to the limited resources for conducting...,16,16
OSD-103,Mmus_C57-6J_Quad_GC_Rep6_M38,16,RR1_GC_M38,16,Yes,,Jackson Laboratory,NASA's Rodent Research (RR) project is playing a critical role in advancing biomedical research on the physiological effects of space environments. Due to the limited resources for conducting...,16,16
OSD-103,Pool of all FLT samples,16,Pool of all FLT samples,16,Yes,,Jackson Laboratory,NASA's Rodent Research (RR) project is playing a critical role in advancing biomedical research on the physiological effects of space environments. Due to the limited resources for conducting...,16,16
OSD-103,Pool of all GC samples,16,Pool of all GC samples,16,Yes,,Jackson Laboratory,NASA's Rodent Research (RR) project is playing a critical role in advancing biomedical research on the physiological effects of space environments. Due to the limited resources for conducting...,16,16
OSD-103,Pool of all FLT and GC samples,16,Pool of all FLT and GC samples,16,Yes,,Jackson Laboratory,NASA's Rodent Research (RR) project is playing a critical role in advancing biomedical research on the physiological effects of space environments. Due to the limited resources for conducting...,16,16
OSD-103,Empty Pool,16,Empty Pool,16,Yes,,Jackson Laboratory,NASA's Rodent Research (RR) project is playing a critical role in advancing biomedical research on the physiological effects of space environments. Due to the limited resources for conducting...,16,16
OSD-104,Mmus_C57-6J_SLS_GC_Rep1_M33,16,RR1_GC_M33,12,Yes,,Jackson Laboratory,NASA's Rodent Research (RR) project is playing a critical role in advancing biomedical research on the physiological effects of space environments. Due to the limited resources for conducting...,12,16
OSD-104,Mmus_C57-6J_SLS_GC_Rep2_M34,16,RR1_GC_M34,12,Yes,,Jackson Laboratory,NASA's Rodent Research (RR) project is playing a critical role in advancing biomedical research on the physiological effects of space environments. Due to the limited resources for conducting...,12,16
OSD-104,Mmus_C57-6J_SLS_GC_Rep3_M35,16,RR1_GC_M35,12,Yes,,Jackson Laboratory,NASA's Rodent Research (RR) project is playing a critical role in advancing biomedical research on the physiological effects of space environments. Due to the limited resources for conducting...,12,16
OSD-104,Mmus_C57-6J_SLS_GC_Rep4_M36,16,RR1_GC_M36,12,Yes,,Jackson Laboratory,NASA's Rodent Research (RR) project is playing a critical role in advancing biomedical research on the physiological effects of space environments. Due to the limited resources for conducting...,12,16
OSD-104,Mmus_C57-6J_SLS_GC_Rep5_M37,16,RR1_GC_M37,12,Yes,,Jackson Laboratory,NASA's Rodent Research (RR) project is playing a critical role in advancing biomedical research on the physiological effects of space environments. Due to the limited resources for conducting...,12,16
OSD-104,Mmus_C57-6J_SLS_GC_Rep6_M38,16,RR1_GC_M38,12,Yes,,Jackson Laboratory,NASA's Rodent Research (RR) project is playing a critical role in advancing biomedical research on the physiological effects of space environments. Due to the limited resources for conducting...,12,16
OSD-104,Mmus_C57-6J_SLS_FLT_Rep1_M23,16,RR1_FLT_M23,12,Yes,,Jackson Laboratory,NASA's Rodent Research (RR) project is playing a critical role in advancing biomedical research on the physiological effects of space environments. Due to the limited resources for conducting...,12,16
OSD-104,Mmus_C57-6J_SLS_FLT_Rep2_M24,16,RR1_FLT_M24,12,Yes,,Jackson Laboratory,NASA's Rodent Research (RR) project is playing a critical role in advancing biomedical research on the physiological effects of space environments. Due to the limited resources for conducting...,12,16
OSD-104,Mmus_C57-6J_SLS_FLT_Rep3_M25,16,RR1_FLT_M25,12,Yes,,Jackson Laboratory,NASA's Rodent Research (RR) project is playing a critical role in advancing biomedical research on the physiological effects of space environments. Due to the limited resources for conducting...,12,16
OSD-104,Mmus_C57-6J_SLS_FLT_Rep4_M26,16,RR1_FLT_M26,12,Yes,,Jackson Laboratory,NASA's Rodent Research (RR) project is playing a critical role in advancing biomedical research on the physiological effects of space environments. Due to the limited resources for conducting...,12,16
OSD-104,Mmus_C57-6J_SLS_FLT_Rep5_M27,16,RR1_FLT_M27,12,Yes,,Jackson Laboratory,NASA's Rodent Research (RR) project is playing a critical role in advancing biomedical research on the physiological effects of space environments. Due to the limited resources for conducting...,12,16
OSD-104,Mmus_C57-6J_SLS_FLT_Rep6_M28,16,RR1_FLT_M28,12,Yes,,Jackson Laboratory,NASA's Rodent Research (RR) project is playing a critical role in advancing biomedical research on the physiological effects of space environments. Due to the limited resources for conducting...,12,16
OSD-105,Mmus_C57-6J_TA_GC_Rep1_M33,16,RR1_GC_M33,16,Yes,,Jackson Laboratory,NASA's Rodent Research (RR) project is playing a critical role in advancing biomedical research on the physiological effects of space environments. Due to the limited resources for conducting...,16,16
OSD-105,Mmus_C57-6J_TA_GC_Rep2_M34,16,RR1_GC_M34,16,Yes,,Jackson Laboratory,NASA's Rodent Research (RR) project is playing a critical role in advancing biomedical research on the physiological effects of space environments. Due to the limited resources for conducting...,16,16
OSD-105,Mmus_C57-6J_TA_GC_Rep3_M35,16,RR1_GC_M35,16,Yes,,Jackson Laboratory,NASA's Rodent Research (RR) project is playing a critical role in advancing biomedical research on the physiological effects of space environments. Due to the limited resources for conducting...,16,16
OSD-105,Mmus_C57-6J_TA_GC_Rep4_M36,16,RR1_GC_M36,16,Yes,,Jackson Laboratory,NASA's Rodent Research (RR) project is playing a critical role in advancing biomedical research on the physiological effects of space environments. Due to the limited resources for conducting...,16,16
OSD-105,Mmus_C57-6J_TA_GC_Rep5_M37,16,RR1_GC_M37,16,Yes,,Jackson Laboratory,NASA's Rodent Research (RR) project is playing a critical role in advancing biomedical research on the physiological effects of space environments. Due to the limited resources for conducting...,16,16
OSD-105,Mmus_C57-6J_TA_GC_Rep6_M38,16,RR1_GC_M38,16,Yes,,Jackson Laboratory,NASA's Rodent Research (RR) project is playing a critical role in advancing biomedical research on the physiological effects of space environments. Due to the limited resources for conducting...,16,16
OSD-105,Mmus_C57-6J_TA_FLT_Rep1_M23,16,RR1_FLT_M23,16,Yes,,Jackson Laboratory,NASA's Rodent Research (RR) project is playing a critical role in advancing biomedical research on the physiological effects of space environments. Due to the limited resources for conducting...,16,16
OSD-105,Mmus_C57-6J_TA_FLT_Rep2_M24,16,RR1_FLT_M24,16,Yes,,Jackson Laboratory,NASA's Rodent Research (RR) project is playing a critical role in advancing biomedical research on the physiological effects of space environments. Due to the limited resources for conducting...,16,16
OSD-105,Mmus_C57-6J_TA_FLT_Rep3_M25,16,RR1_FLT_M25,16,Yes,,Jackson Laboratory,NASA's Rodent Research (RR) project is playing a critical role in advancing biomedical research on the physiological effects of space environments. Due to the limited resources for conducting...,16,16
OSD-105,Mmus_C57-6J_TA_FLT_Rep4_M26,16,RR1_FLT_M26,16,Yes,,Jackson Laboratory,NASA's Rodent Research (RR) project is playing a critical role in advancing biomedical research on the physiological effects of space environments. Due to the limited resources for conducting...,16,16
OSD-105,Mmus_C57-6J_TA_FLT_Rep5_M27,16,RR1_FLT_M27,16,Yes,,Jackson Laboratory,NASA's Rodent Research (RR) project is playing a critical role in advancing biomedical research on the physiological effects of space environments. Due to the limited resources for conducting...,16,16
OSD-105,Mmus_C57-6J_TA_FLT_Rep6_M28,16,RR1_FLT_M28,16,Yes,,Jackson Laboratory,NASA's Rodent Research (RR) project is playing a critical role in advancing biomedical research on the physiological effects of space environments. Due to the limited resources for conducting...,16,16
OSD-105,Pool of all FLT samples,16,Pool of all FLT samples,16,Yes,,Jackson Laboratory,NASA's Rodent Research (RR) project is playing a critical role in advancing biomedical research on the physiological effects of space environments. Due to the limited resources for conducting...,16,16
OSD-105,Pool of all GC samples,16,Pool of all GC samples,16,Yes,,Jackson Laboratory,NASA's Rodent Research (RR) project is playing a critical role in advancing biomedical research on the physiological effects of space environments. Due to the limited resources for conducting...,16,16
OSD-105,Pool of all FLT and GC samples,16,Pool of all FLT and GC samples,16,Yes,,Jackson Laboratory,NASA's Rodent Research (RR) project is playing a critical role in advancing biomedical research on the physiological effects of space environments. Due to the limited resources for conducting...,16,16
OSD-105,Empty Pool,16,Empty Pool,16,Yes,,Jackson Laboratory,NASA's Rodent Research (RR) project is playing a critical role in advancing biomedical research on the physiological effects of space environments. Due to the limited resources for conducting...,16,16
OSD-168,Mmus_C57-6J_LVR_RR1_BSL_wERCC_Rep1_M4,16,RR1_BSL_M4,32,Yes,,Jackson Laboratory,"Proper interpretation of RNA sequencing data requires an understanding of assay sensitivity and sources of variability. To this end, the External RNA Control Consortium (ERCC) developed a standard...",32,16
OSD-168,Mmus_C57-6J_LVR_RR1_BSL_wERCC_Rep2_M5,16,RR1_BSL_M5,32,Yes,,Jackson Laboratory,"Proper interpretation of RNA sequencing data requires an understanding of assay sensitivity and sources of variability. To this end, the External RNA Control Consortium (ERCC) developed a standard...",32,16
OSD-168,Mmus_C57-6J_LVR_RR1_BSL_wERCC_Rep3_M7,16,RR1_BSL_M7,32,Yes,,Jackson Laboratory,"Proper interpretation of RNA sequencing data requires an understanding of assay sensitivity and sources of variability. To this end, the External RNA Control Consortium (ERCC) developed a standard...",32,16
OSD-168,Mmus_C57-6J_LVR_RR1_BSL_wERCC_Rep4_M8,16,RR1_BSL_M8,32,Yes,,Jackson Laboratory,"Proper interpretation of RNA sequencing data requires an understanding of assay sensitivity and sources of variability. To this end, the External RNA Control Consortium (ERCC) developed a standard...",32,16
OSD-168,Mmus_C57-6J_LVR_RR1_BSL_wERCC_Rep5_M10,16,RR1_BSL_M10,32,Yes,,Jackson Laboratory,"Proper interpretation of RNA sequencing data requires an understanding of assay sensitivity and sources of variability. To this end, the External RNA Control Consortium (ERCC) developed a standard...",32,16
OSD-168,Mmus_C57-6J_LVR_RR1_BSL_noERCC_Rep1_M4,16,RR1_BSL_M4,32,Yes,,Jackson Laboratory,"Proper interpretation of RNA sequencing data requires an understanding of assay sensitivity and sources of variability. To this end, the External RNA Control Consortium (ERCC) developed a standard...",32,16
OSD-168,Mmus_C57-6J_LVR_RR1_BSL_noERCC_Rep2_M5,16,RR1_BSL_M5,32,Yes,,Jackson Laboratory,"Proper interpretation of RNA sequencing data requires an understanding of assay sensitivity and sources of variability. To this end, the External RNA Control Consortium (ERCC) developed a standard...",32,16
OSD-168,Mmus_C57-6J_LVR_RR1_BSL_noERCC_Rep3_M7,16,RR1_BSL_M7,32,Yes,,Jackson Laboratory,"Proper interpretation of RNA sequencing data requires an understanding of assay sensitivity and sources of variability. To this end, the External RNA Control Consortium (ERCC) developed a standard...",32,16
OSD-168,Mmus_C57-6J_LVR_RR1_BSL_noERCC_Rep4_M8,16,RR1_BSL_M8,32,Yes,,Jackson Laboratory,"Proper interpretation of RNA sequencing data requires an understanding of assay sensitivity and sources of variability. To this end, the External RNA Control Consortium (ERCC) developed a standard...",32,16
OSD-168,Mmus_C57-6J_LVR_RR1_BSL_noERCC_Rep5_M10,16,RR1_BSL_M10,32,Yes,,Jackson Laboratory,"Proper interpretation of RNA sequencing data requires an understanding of assay sensitivity and sources of variability. To this end, the External RNA Control Consortium (ERCC) developed a standard...",32,16
OSD-168,Mmus_C57-6J_LVR_RR1_VIV_wERCC_Rep1_M16,16,RR1_VIV_M16,32,Yes,,Jackson Laboratory,"Proper interpretation of RNA sequencing data requires an understanding of assay sensitivity and sources of variability. To this end, the External RNA Control Consortium (ERCC) developed a standard...",32,16
OSD-168,Mmus_C57-6J_LVR_RR1_VIV_wERCC_Rep2_M17,16,RR1_VIV_M17,32,Yes,,Jackson Laboratory,"Proper interpretation of RNA sequencing data requires an understanding of assay sensitivity and sources of variability. To this end, the External RNA Control Consortium (ERCC) developed a standard...",32,16
OSD-168,Mmus_C57-6J_LVR_RR1_VIV_wERCC_Rep3_M18,16,RR1_VIV_M18,32,Yes,,Jackson Laboratory,"Proper interpretation of RNA sequencing data requires an understanding of assay sensitivity and sources of variability. To this end, the External RNA Control Consortium (ERCC) developed a standard...",32,16
OSD-168,Mmus_C57-6J_LVR_RR1_VIV_wERCC_Rep4_M19,16,RR1_VIV_M19,32,Yes,,Jackson Laboratory,"Proper interpretation of RNA sequencing data requires an understanding of assay sensitivity and sources of variability. To this end, the External RNA Control Consortium (ERCC) developed a standard...",32,16
OSD-168,Mmus_C57-6J_LVR_RR1_VIV_wERCC_Rep5_M20,16,RR1_VIV_M20,32,Yes,,Jackson Laboratory,"Proper interpretation of RNA sequencing data requires an understanding of assay sensitivity and sources of variability. To this end, the External RNA Control Consortium (ERCC) developed a standard...",32,16
OSD-168,Mmus_C57-6J_LVR_RR1_VIV_noERCC_Rep1_M16,16,RR1_VIV_M16,32,Yes,,Jackson Laboratory,"Proper interpretation of RNA sequencing data requires an understanding of assay sensitivity and sources of variability. To this end, the External RNA Control Consortium (ERCC) developed a standard...",32,16
OSD-168,Mmus_C57-6J_LVR_RR1_VIV_noERCC_Rep2_M17,16,RR1_VIV_M17,32,Yes,,Jackson Laboratory,"Proper interpretation of RNA sequencing data requires an understanding of assay sensitivity and sources of variability. To this end, the External RNA Control Consortium (ERCC) developed a standard...",32,16
OSD-168,Mmus_C57-6J_LVR_RR1_VIV_noERCC_Rep3_M18,16,RR1_VIV_M18,32,Yes,,Jackson Laboratory,"Proper interpretation of RNA sequencing data requires an understanding of assay sensitivity and sources of variability. To this end, the External RNA Control Consortium (ERCC) developed a standard...",32,16
OSD-168,Mmus_C57-6J_LVR_RR1_VIV_noERCC_Rep4_M19,16,RR1_VIV_M19,32,Yes,,Jackson Laboratory,"Proper interpretation of RNA sequencing data requires an understanding of assay sensitivity and sources of variability. To this end, the External RNA Control Consortium (ERCC) developed a standard...",32,16
OSD-168,Mmus_C57-6J_LVR_RR1_VIV_noERCC_Rep5_M20,16,RR1_VIV_M20,32,Yes,,Jackson Laboratory,"Proper interpretation of RNA sequencing data requires an understanding of assay sensitivity and sources of variability. To this end, the External RNA Control Consortium (ERCC) developed a standard...",32,16
OSD-168,Mmus_C57-6J_LVR_RR1_GC_wERCC_Rep1_M36,16,RR1_GC_M36,32,Yes,,Jackson Laboratory,"Proper interpretation of RNA sequencing data requires an understanding of assay sensitivity and sources of variability. To this end, the External RNA Control Consortium (ERCC) developed a standard...",32,16
OSD-168,Mmus_C57-6J_LVR_RR1_GC_wERCC_Rep2_M37,16,RR1_GC_M37,32,Yes,,Jackson Laboratory,"Proper interpretation of RNA sequencing data requires an understanding of assay sensitivity and sources of variability. To this end, the External RNA Control Consortium (ERCC) developed a standard...",32,16
OSD-168,Mmus_C57-6J_LVR_RR1_GC_wERCC_Rep3_M38,16,RR1_GC_M38,32,Yes,,Jackson Laboratory,"Proper interpretation of RNA sequencing data requires an understanding of assay sensitivity and sources of variability. To this end, the External RNA Control Consortium (ERCC) developed a standard...",32,16
OSD-168,Mmus_C57-6J_LVR_RR1_GC_wERCC_Rep4_M39,16,RR1_GC_M39,32,Yes,,Jackson Laboratory,"Proper interpretation of RNA sequencing data requires an understanding of assay sensitivity and sources of variability. To this end, the External RNA Control Consortium (ERCC) developed a standard...",32,16
OSD-168,Mmus_C57-6J_LVR_RR1_GC_wERCC_Rep5_M40,16,RR1_GC_M40,32,Yes,,Jackson Laboratory,"Proper interpretation of RNA sequencing data requires an understanding of assay sensitivity and sources of variability. To this end, the External RNA Control Consortium (ERCC) developed a standard...",32,16
OSD-168,Mmus_C57-6J_LVR_RR1_GC_noERCC_Rep1_M36,16,RR1_GC_M36,32,Yes,,Jackson Laboratory,"Proper interpretation of RNA sequencing data requires an understanding of assay sensitivity and sources of variability. To this end, the External RNA Control Consortium (ERCC) developed a standard...",32,16
OSD-168,Mmus_C57-6J_LVR_RR1_GC_noERCC_Rep2_M37,16,RR1_GC_M37,32,Yes,,Jackson Laboratory,"Proper interpretation of RNA sequencing data requires an understanding of assay sensitivity and sources of variability. To this end, the External RNA Control Consortium (ERCC) developed a standard...",32,16
OSD-168,Mmus_C57-6J_LVR_RR1_GC_noERCC_Rep3_M38,16,RR1_GC_M38,32,Yes,,Jackson Laboratory,"Proper interpretation of RNA sequencing data requires an understanding of assay sensitivity and sources of variability. To this end, the External RNA Control Consortium (ERCC) developed a standard...",32,16
OSD-168,Mmus_C57-6J_LVR_RR1_GC_noERCC_Rep4_M39,16,RR1_GC_M39,32,Yes,,Jackson Laboratory,"Proper interpretation of RNA sequencing data requires an understanding of assay sensitivity and sources of variability. To this end, the External RNA Control Consortium (ERCC) developed a standard...",32,16
OSD-168,Mmus_C57-6J_LVR_RR1_GC_noERCC_Rep5_M40,16,RR1_GC_M40,32,Yes,,Jackson Laboratory,"Proper interpretation of RNA sequencing data requires an understanding of assay sensitivity and sources of variability. To this end, the External RNA Control Consortium (ERCC) developed a standard...",32,16
OSD-168,Mmus_C57-6J_LVR_RR1_FLT_wERCC_Rep1_M25,16,RR1_FLT_M25,32,Yes,,Jackson Laboratory,"Proper interpretation of RNA sequencing data requires an understanding of assay sensitivity and sources of variability. To this end, the External RNA Control Consortium (ERCC) developed a standard...",32,16
OSD-168,Mmus_C57-6J_LVR_RR1_FLT_wERCC_Rep2_M26,16,RR1_FLT_M26,32,Yes,,Jackson Laboratory,"Proper interpretation of RNA sequencing data requires an understanding of assay sensitivity and sources of variability. To this end, the External RNA Control Consortium (ERCC) developed a standard...",32,16
OSD-168,Mmus_C57-6J_LVR_RR1_FLT_wERCC_Rep3_M28,16,RR1_FLT_M28,32,Yes,,Jackson Laboratory,"Proper interpretation of RNA sequencing data requires an understanding of assay sensitivity and sources of variability. To this end, the External RNA Control Consortium (ERCC) developed a standard...",32,16
OSD-168,Mmus_C57-6J_LVR_RR1_FLT_wERCC_Rep4_M29,16,RR1_FLT_M29,32,Yes,,Jackson Laboratory,"Proper interpretation of RNA sequencing data requires an understanding of assay sensitivity and sources of variability. To this end, the External RNA Control Consortium (ERCC) developed a standard...",32,16
OSD-168,Mmus_C57-6J_LVR_RR1_FLT_wERCC_Rep5_M30,16,RR1_FLT_M30,32,Yes,,Jackson Laboratory,"Proper interpretation of RNA sequencing data requires an understanding of assay sensitivity and sources of variability. To this end, the External RNA Control Consortium (ERCC) developed a standard...",32,16
OSD-168,Mmus_C57-6J_LVR_RR1_FLT_noERCC_Rep1_M25,16,RR1_FLT_M25,32,Yes,,Jackson Laboratory,"Proper interpretation of RNA sequencing data requires an understanding of assay sensitivity and sources of variability. To this end, the External RNA Control Consortium (ERCC) developed a standard...",32,16
OSD-168,Mmus_C57-6J_LVR_RR1_FLT_noERCC_Rep2_M26,16,RR1_FLT_M26,32,Yes,,Jackson Laboratory,"Proper interpretation of RNA sequencing data requires an understanding of assay sensitivity and sources of variability. To this end, the External RNA Control Consortium (ERCC) developed a standard...",32,16
OSD-168,Mmus_C57-6J_LVR_RR1_FLT_noERCC_Rep3_M28,16,RR1_FLT_M28,32,Yes,,Jackson Laboratory,"Proper interpretation of RNA sequencing data requires an understanding of assay sensitivity and sources of variability. To this end, the External RNA Control Consortium (ERCC) developed a standard...",32,16
OSD-168,Mmus_C57-6J_LVR_RR1_FLT_noERCC_Rep4_M29,16,RR1_FLT_M29,32,Yes,,Jackson Laboratory,"Proper interpretation of RNA sequencing data requires an understanding of assay sensitivity and sources of variability. To this end, the External RNA Control Consortium (ERCC) developed a standard...",32,16
OSD-168,Mmus_C57-6J_LVR_RR1_FLT_noERCC_Rep5_M30,16,RR1_FLT_M30,32,Yes,,Jackson Laboratory,"Proper interpretation of RNA sequencing data requires an understanding of assay sensitivity and sources of variability. To this end, the External RNA Control Consortium (ERCC) developed a standard...",32,16
OSD-168,Mmus_BAL-TAL_LVR_RR3_BSL_wERCC_Rep1_B2,12,RR3_BSL_B2,32,Yes,,Jackson Laboratory,"Proper interpretation of RNA sequencing data requires an understanding of assay sensitivity and sources of variability. To this end, the External RNA Control Consortium (ERCC) developed a standard...",32,16
OSD-168,Mmus_BAL-TAL_LVR_RR3_BSL_wERCC_Rep2_B4,12,RR3_BSL_B4,32,Yes,,Jackson Laboratory,"Proper interpretation of RNA sequencing data requires an understanding of assay sensitivity and sources of variability. To this end, the External RNA Control Consortium (ERCC) developed a standard...",32,16
OSD-168,Mmus_BAL-TAL_LVR_RR3_BSL_wERCC_Rep3_B6,12,RR3_BSL_B6,32,Yes,,Jackson Laboratory,"Proper interpretation of RNA sequencing data requires an understanding of assay sensitivity and sources of variability. To this end, the External RNA Control Consortium (ERCC) developed a standard...",32,16
OSD-168,Mmus_BAL-TAL_LVR_RR3_BSL_wERCC_Rep4_B7,12,RR3_BSL_B7,32,Yes,,Jackson Laboratory,"Proper interpretation of RNA sequencing data requires an understanding of assay sensitivity and sources of variability. To this end, the External RNA Control Consortium (ERCC) developed a standard...",32,16
OSD-168,Mmus_BAL-TAL_LVR_RR3_GC_wERCC_Rep1_G1,12,RR3_GC_G1,32,Yes,,Jackson Laboratory,"Proper interpretation of RNA sequencing data requires an understanding of assay sensitivity and sources of variability. To this end, the External RNA Control Consortium (ERCC) developed a standard...",32,16
OSD-168,Mmus_BAL-TAL_LVR_RR3_GC_wERCC_Rep2_G2,12,RR3_GC_G2,32,Yes,,Jackson Laboratory,"Proper interpretation of RNA sequencing data requires an understanding of assay sensitivity and sources of variability. To this end, the External RNA Control Consortium (ERCC) developed a standard...",32,16
OSD-168,Mmus_BAL-TAL_LVR_RR3_GC_wERCC_Rep3_G3,12,RR3_GC_G3,32,Yes,,Jackson Laboratory,"Proper interpretation of RNA sequencing data requires an understanding of assay sensitivity and sources of variability. To this end, the External RNA Control Consortium (ERCC) developed a standard...",32,16
OSD-168,Mmus_BAL-TAL_LVR_RR3_GC_wERCC_Rep4_G5,12,RR3_GC_G5,32,Yes,,Jackson Laboratory,"Proper interpretation of RNA sequencing data requires an understanding of assay sensitivity and sources of variability. To this end, the External RNA Control Consortium (ERCC) developed a standard...",32,16
OSD-168,Mmus_BAL-TAL_LVR_RR3_FLT_wERCC_Rep1_F1,12,RR3_FLT_F1,32,Yes,,Jackson Laboratory,"Proper interpretation of RNA sequencing data requires an understanding of assay sensitivity and sources of variability. To this end, the External RNA Control Consortium (ERCC) developed a standard...",32,16
OSD-168,Mmus_BAL-TAL_LVR_RR3_FLT_wERCC_Rep2_F2,12,RR3_FLT_F2,32,Yes,,Jackson Laboratory,"Proper interpretation of RNA sequencing data requires an understanding of assay sensitivity and sources of variability. To this end, the External RNA Control Consortium (ERCC) developed a standard...",32,16
OSD-168,Mmus_BAL-TAL_LVR_RR3_FLT_wERCC_Rep3_F3,12,RR3_FLT_F3,32,Yes,,Jackson Laboratory,"Proper interpretation of RNA sequencing data requires an understanding of assay sensitivity and sources of variability. To this end, the External RNA Control Consortium (ERCC) developed a standard...",32,16
OSD-168,Mmus_BAL-TAL_LVR_RR3_FLT_wERCC_Rep4_F4,12,RR3_FLT_F4,32,Yes,,Jackson Laboratory,"Proper interpretation of RNA sequencing data requires an understanding of assay sensitivity and sources of variability. To this end, the External RNA Control Consortium (ERCC) developed a standard...",32,16
OSD-488,GC11_sol,10,GC11,57,No,Wild Type,Jackson Labs,"It is well established that microgravity exposure causes significant muscle weakness and atrophy via muscle unloading. On Earth, muscle unloading leads to a disproportionate loss in muscle force and...",,10
OSD-488,GC12_sol,10,GC12,57,No,Wild Type,Jackson Labs,"It is well established that microgravity exposure causes significant muscle weakness and atrophy via muscle unloading. On Earth, muscle unloading leads to a disproportionate loss in muscle force and...",,10
OSD-488,GC13_sol,10,GC13,57,No,Wild Type,Jackson Labs,"It is well established that microgravity exposure causes significant muscle weakness and atrophy via muscle unloading. On Earth, muscle unloading leads to a disproportionate loss in muscle force and...",,10
OSD-488,GC14_sol,10,GC14,57,No,Wild Type,Jackson Labs,"It is well established that microgravity exposure causes significant muscle weakness and atrophy via muscle unloading. On Earth, muscle unloading leads to a disproportionate loss in muscle force and...",,10
OSD-488,GC15_sol,10,GC15,57,No,Wild Type,Jackson Labs,"It is well established that microgravity exposure causes significant muscle weakness and atrophy via muscle unloading. On Earth, muscle unloading leads to a disproportionate loss in muscle force and...",,10
OSD-488,GC16_sol,10,GC16,57,No,Wild Type,Jackson Labs,"It is well established that microgravity exposure causes significant muscle weakness and atrophy via muscle unloading. On Earth, muscle unloading leads to a disproportionate loss in muscle force and...",,10
OSD-488,GC17_sol,10,GC17,57,No,Wild Type,Jackson Labs,"It is well established that microgravity exposure causes significant muscle weakness and atrophy via muscle unloading. On Earth, muscle unloading leads to a disproportionate loss in muscle force and...",,10
OSD-488,GC18_sol,10,GC18,57,No,Wild Type,Jackson Labs,"It is well established that microgravity exposure causes significant muscle weakness and atrophy via muscle unloading. On Earth, muscle unloading leads to a disproportionate loss in muscle force and...",,10
OSD-488,GC19_sol,10,GC19,57,No,Wild Type,Jackson Labs,"It is well established that microgravity exposure causes significant muscle weakness and atrophy via muscle unloading. On Earth, muscle unloading leads to a disproportionate loss in muscle force and...",,10
OSD-488,GC20_sol,10,GC20,57,No,Wild Type,Jackson Labs,"It is well established that microgravity exposure causes significant muscle weakness and atrophy via muscle unloading. On Earth, muscle unloading leads to a disproportionate loss in muscle force and...",,10
OSD-488,Viv11_sol,10,Viv11,57,No,Wild Type,Jackson Labs,"It is well established that microgravity exposure causes significant muscle weakness and atrophy via muscle unloading. On Earth, muscle unloading leads to a disproportionate loss in muscle force and...",,10
OSD-488,Viv12_sol,10,Viv12,57,No,Wild Type,Jackson Labs,"It is well established that microgravity exposure causes significant muscle weakness and atrophy via muscle unloading. On Earth, muscle unloading leads to a disproportionate loss in muscle force and...",,10
OSD-488,Viv13_sol,10,Viv13,57,No,Wild Type,Jackson Labs,"It is well established that microgravity exposure causes significant muscle weakness and atrophy via muscle unloading. On Earth, muscle unloading leads to a disproportionate loss in muscle force and...",,10
OSD-488,Viv14_sol,10,Viv14,57,No,Wild Type,Jackson Labs,"It is well established that microgravity exposure causes significant muscle weakness and atrophy via muscle unloading. On Earth, muscle unloading leads to a disproportionate loss in muscle force and...",,10
OSD-488,Viv15_sol,10,Viv15,57,No,Wild Type,Jackson Labs,"It is well established that microgravity exposure causes significant muscle weakness and atrophy via muscle unloading. On Earth, muscle unloading leads to a disproportionate loss in muscle force and...",,10
OSD-488,Viv16_sol,10,Viv16,57,No,Wild Type,Jackson Labs,"It is well established that microgravity exposure causes significant muscle weakness and atrophy via muscle unloading. On Earth, muscle unloading leads to a disproportionate loss in muscle force and...",,10
OSD-488,Viv17_sol,10,Viv17,57,No,Wild Type,Jackson Labs,"It is well established that microgravity exposure causes significant muscle weakness and atrophy via muscle unloading. On Earth, muscle unloading leads to a disproportionate loss in muscle force and...",,10
OSD-488,Viv18_sol,10,Viv18,57,No,Wild Type,Jackson Labs,"It is well established that microgravity exposure causes significant muscle weakness and atrophy via muscle unloading. On Earth, muscle unloading leads to a disproportionate loss in muscle force and...",,10
OSD-488,Viv19_sol,10,Viv19,57,No,Wild Type,Jackson Labs,"It is well established that microgravity exposure causes significant muscle weakness and atrophy via muscle unloading. On Earth, muscle unloading leads to a disproportionate loss in muscle force and...",,10
OSD-488,Viv20_sol,10,Viv20,57,No,Wild Type,Jackson Labs,"It is well established that microgravity exposure causes significant muscle weakness and atrophy via muscle unloading. On Earth, muscle unloading leads to a disproportionate loss in muscle force and...",,10
OSD-488,F11_sol,10,F11,57,No,Wild Type,Jackson Labs,"It is well established that microgravity exposure causes significant muscle weakness and atrophy via muscle unloading. On Earth, muscle unloading leads to a disproportionate loss in muscle force and...",,10
OSD-488,F12_sol,10,F12,57,No,Wild Type,Jackson Labs,"It is well established that microgravity exposure causes significant muscle weakness and atrophy via muscle unloading. On Earth, muscle unloading leads to a disproportionate loss in muscle force and...",,10
OSD-488,F13_sol,10,F13,57,No,Wild Type,Jackson Labs,"It is well established that microgravity exposure causes significant muscle weakness and atrophy via muscle unloading. On Earth, muscle unloading leads to a disproportionate loss in muscle force and...",,10
OSD-488,F14_sol,10,F14,57,No,Wild Type,Jackson Labs,"It is well established that microgravity exposure causes significant muscle weakness and atrophy via muscle unloading. On Earth, muscle unloading leads to a disproportionate loss in muscle force and...",,10
OSD-488,F15_sol,10,F15,57,No,Wild Type,Jackson Labs,"It is well established that microgravity exposure causes significant muscle weakness and atrophy via muscle unloading. On Earth, muscle unloading leads to a disproportionate loss in muscle force and...",,10
OSD-488,F16_sol,10,F16,57,No,Wild Type,Jackson Labs,"It is well established that microgravity exposure causes significant muscle weakness and atrophy via muscle unloading. On Earth, muscle unloading leads to a disproportionate loss in muscle force and...",,10
OSD-488,F17_sol,10,F17,57,No,Wild Type,Jackson Labs,"It is well established that microgravity exposure causes significant muscle weakness and atrophy via muscle unloading. On Earth, muscle unloading leads to a disproportionate loss in muscle force and...",,10
OSD-488,F18_sol,10,F18,57,No,Wild Type,Jackson Labs,"It is well established that microgravity exposure causes significant muscle weakness and atrophy via muscle unloading. On Earth, muscle unloading leads to a disproportionate loss in muscle force and...",,10
OSD-488,F19_sol,10,F19,57,No,Wild Type,Jackson Labs,"It is well established that microgravity exposure causes significant muscle weakness and atrophy via muscle unloading. On Earth, muscle unloading leads to a disproportionate loss in muscle force and...",,10
OSD-488,F20_sol,10,F20,57,No,Wild Type,Jackson Labs,"It is well established that microgravity exposure causes significant muscle weakness and atrophy via muscle unloading. On Earth, muscle unloading leads to a disproportionate loss in muscle force and...",,10
OSD-488,M11_sol,16,RR1_GC_M11,57,No,Wild Type,Jackson Labs,"It is well established that microgravity exposure causes significant muscle weakness and atrophy via muscle unloading. On Earth, muscle unloading leads to a disproportionate loss in muscle force and...",,10
OSD-488,M12_sol,16,RR1_GC_M12,57,No,Wild Type,Jackson Labs,"It is well established that microgravity exposure causes significant muscle weakness and atrophy via muscle unloading. On Earth, muscle unloading leads to a disproportionate loss in muscle force and...",,10
OSD-488,M13_sol,16,RR1_GC_M13,57,No,Wild Type,Jackson Labs,"It is well established that microgravity exposure causes significant muscle weakness and atrophy via muscle unloading. On Earth, muscle unloading leads to a disproportionate loss in muscle force and...",,10
OSD-488,M14_sol,16,RR1_GC_M14,57,No,Wild Type,Jackson Labs,"It is well established that microgravity exposure causes significant muscle weakness and atrophy via muscle unloading. On Earth, muscle unloading leads to a disproportionate loss in muscle force and...",,10
OSD-488,M31_sol,16,RR1_VIV_M31,57,No,Wild Type,Jackson Labs,"It is well established that microgravity exposure causes significant muscle weakness and atrophy via muscle unloading. On Earth, muscle unloading leads to a disproportionate loss in muscle force and...",,10
OSD-488,M32_sol,16,RR1_VIV_M32,57,No,Wild Type,Jackson Labs,"It is well established that microgravity exposure causes significant muscle weakness and atrophy via muscle unloading. On Earth, muscle unloading leads to a disproportionate loss in muscle force and...",,10
OSD-488,M39_sol,16,RR1_VIV_M39,57,No,Wild Type,Jackson Labs,"It is well established that microgravity exposure causes significant muscle weakness and atrophy via muscle unloading. On Earth, muscle unloading leads to a disproportionate loss in muscle force and...",,10
OSD-488,M40_sol,16,RR1_VIV_M40,57,No,Wild Type,Jackson Labs,"It is well established that microgravity exposure causes significant muscle weakness and atrophy via muscle unloading. On Earth, muscle unloading leads to a disproportionate loss in muscle force and...",,10
OSD-488,M21_sol,16,RR1_FLT_M21,57,No,Wild Type,Jackson Labs,"It is well established that microgravity exposure causes significant muscle weakness and atrophy via muscle unloading. On Earth, muscle unloading leads to a disproportionate loss in muscle force and...",,10
OSD-488,M22_sol,16,RR1_FLT_M22,57,No,Wild Type,Jackson Labs,"It is well established that microgravity exposure causes significant muscle weakness and atrophy via muscle unloading. On Earth, muscle unloading leads to a disproportionate loss in muscle force and...",,10
OSD-488,M29_sol,16,RR1_FLT_M29,57,No,Wild Type,Jackson Labs,"It is well established that microgravity exposure causes significant muscle weakness and atrophy via muscle unloading. On Earth, muscle unloading leads to a disproportionate loss in muscle force and...",,10
OSD-488,M30_sol,16,RR1_FLT_M30,57,No,Wild Type,Jackson Labs,"It is well established that microgravity exposure causes significant muscle weakness and atrophy via muscle unloading. On Earth, muscle unloading leads to a disproportionate loss in muscle force and...",,10
OSD-488,GC11_ta,10,GC11,57,No,Wild Type,Jackson Labs,"It is well established that microgravity exposure causes significant muscle weakness and atrophy via muscle unloading. On Earth, muscle unloading leads to a disproportionate loss in muscle force and...",,10
OSD-488,GC12_ta,10,GC12,57,No,Wild Type,Jackson Labs,"It is well established that microgravity exposure causes significant muscle weakness and atrophy via muscle unloading. On Earth, muscle unloading leads to a disproportionate loss in muscle force and...",,10
OSD-488,GC13_ta,10,GC13,57,No,Wild Type,Jackson Labs,"It is well established that microgravity exposure causes significant muscle weakness and atrophy via muscle unloading. On Earth, muscle unloading leads to a disproportionate loss in muscle force and...",,10
OSD-488,GC14_ta,10,GC14,57,No,Wild Type,Jackson Labs,"It is well established that microgravity exposure causes significant muscle weakness and atrophy via muscle unloading. On Earth, muscle unloading leads to a disproportionate loss in muscle force and...",,10
OSD-488,GC15_ta,10,GC15,57,No,Wild Type,Jackson Labs,"It is well established that microgravity exposure causes significant muscle weakness and atrophy via muscle unloading. On Earth, muscle unloading leads to a disproportionate loss in muscle force and...",,10
OSD-488,GC16_ta,10,GC16,57,No,Wild Type,Jackson Labs,"It is well established that microgravity exposure causes significant muscle weakness and atrophy via muscle unloading. On Earth, muscle unloading leads to a disproportionate loss in muscle force and...",,10
OSD-488,GC17_ta,10,GC17,57,No,Wild Type,Jackson Labs,"It is well established that microgravity exposure causes significant muscle weakness and atrophy via muscle unloading. On Earth, muscle unloading leads to a disproportionate loss in muscle force and...",,10
OSD-488,GC18_ta,10,GC18,57,No,Wild Type,Jackson Labs,"It is well established that microgravity exposure causes significant muscle weakness and atrophy via muscle unloading. On Earth, muscle unloading leads to a disproportionate loss in muscle force and...",,10
OSD-488,GC19_ta,10,GC19,57,No,Wild Type,Jackson Labs,"It is well established that microgravity exposure causes significant muscle weakness and atrophy via muscle unloading. On Earth, muscle unloading leads to a disproportionate loss in muscle force and...",,10
OSD-488,GC20_ta,10,GC20,57,No,Wild Type,Jackson Labs,"It is well established that microgravity exposure causes significant muscle weakness and atrophy via muscle unloading. On Earth, muscle unloading leads to a disproportionate loss in muscle force and...",,10
OSD-488,Viv11_ta,10,Viv11,57,No,Wild Type,Jackson Labs,"It is well established that microgravity exposure causes significant muscle weakness and atrophy via muscle unloading. On Earth, muscle unloading leads to a disproportionate loss in muscle force and...",,10
OSD-488,Viv12_ta,10,Viv12,57,No,Wild Type,Jackson Labs,"It is well established that microgravity exposure causes significant muscle weakness and atrophy via muscle unloading. On Earth, muscle unloading leads to a disproportionate loss in muscle force and...",,10
OSD-488,Viv13_ta,10,Viv13,57,No,Wild Type,Jackson Labs,"It is well established that microgravity exposure causes significant muscle weakness and atrophy via muscle unloading. On Earth, muscle unloading leads to a disproportionate loss in muscle force and...",,10
OSD-488,Viv14_ta,10,Viv14,57,No,Wild Type,Jackson Labs,"It is well established that microgravity exposure causes significant muscle weakness and atrophy via muscle unloading. On Earth, muscle unloading leads to a disproportionate loss in muscle force and...",,10
OSD-488,Viv15_ta,10,Viv15,57,No,Wild Type,Jackson Labs,"It is well established that microgravity exposure causes significant muscle weakness and atrophy via muscle unloading. On Earth, muscle unloading leads to a disproportionate loss in muscle force and...",,10
OSD-488,Viv16_ta,10,Viv16,57,No,Wild Type,Jackson Labs,"It is well established that microgravity exposure causes significant muscle weakness and atrophy via muscle unloading. On Earth, muscle unloading leads to a disproportionate loss in muscle force and...",,10
OSD-488,Viv17_ta,10,Viv17,57,No,Wild Type,Jackson Labs,"It is well established that microgravity exposure causes significant muscle weakness and atrophy via muscle unloading. On Earth, muscle unloading leads to a disproportionate loss in muscle force and...",,10
OSD-488,Viv18_ta,10,Viv18,57,No,Wild Type,Jackson Labs,"It is well established that microgravity exposure causes significant muscle weakness and atrophy via muscle unloading. On Earth, muscle unloading leads to a disproportionate loss in muscle force and...",,10
OSD-488,Viv19_ta,10,Viv19,57,No,Wild Type,Jackson Labs,"It is well established that microgravity exposure causes significant muscle weakness and atrophy via muscle unloading. On Earth, muscle unloading leads to a disproportionate loss in muscle force and...",,10
OSD-488,Viv20_ta,10,Viv20,57,No,Wild Type,Jackson Labs,"It is well established that microgravity exposure causes significant muscle weakness and atrophy via muscle unloading. On Earth, muscle unloading leads to a disproportionate loss in muscle force and...",,10
OSD-488,F11_ta,10,F11,57,No,Wild Type,Jackson Labs,"It is well established that microgravity exposure causes significant muscle weakness and atrophy via muscle unloading. On Earth, muscle unloading leads to a disproportionate loss in muscle force and...",,10
OSD-488,F12_ta,10,F12,57,No,Wild Type,Jackson Labs,"It is well established that microgravity exposure causes significant muscle weakness and atrophy via muscle unloading. On Earth, muscle unloading leads to a disproportionate loss in muscle force and...",,10
OSD-488,F13_ta,10,F13,57,No,Wild Type,Jackson Labs,"It is well established that microgravity exposure causes significant muscle weakness and atrophy via muscle unloading. On Earth, muscle unloading leads to a disproportionate loss in muscle force and...",,10
OSD-488,F14_ta,10,F14,57,No,Wild Type,Jackson Labs,"It is well established that microgravity exposure causes significant muscle weakness and atrophy via muscle unloading. On Earth, muscle unloading leads to a disproportionate loss in muscle force and...",,10
OSD-488,F15_ta,10,F15,57,No,Wild Type,Jackson Labs,"It is well established that microgravity exposure causes significant muscle weakness and atrophy via muscle unloading. On Earth, muscle unloading leads to a disproportionate loss in muscle force and...",,10
OSD-488,F16_ta,10,F16,57,No,Wild Type,Jackson Labs,"It is well established that microgravity exposure causes significant muscle weakness and atrophy via muscle unloading. On Earth, muscle unloading leads to a disproportionate loss in muscle force and...",,10
OSD-488,F17_ta,10,F17,57,No,Wild Type,Jackson Labs,"It is well established that microgravity exposure causes significant muscle weakness and atrophy via muscle unloading. On Earth, muscle unloading leads to a disproportionate loss in muscle force and...",,10
OSD-488,F18_ta,10,F18,57,No,Wild Type,Jackson Labs,"It is well established that microgravity exposure causes significant muscle weakness and atrophy via muscle unloading. On Earth, muscle unloading leads to a disproportionate loss in muscle force and...",,10
OSD-488,F19_ta,10,F19,57,No,Wild Type,Jackson Labs,"It is well established that microgravity exposure causes significant muscle weakness and atrophy via muscle unloading. On Earth, muscle unloading leads to a disproportionate loss in muscle force and...",,10
OSD-488,F20_ta,10,F20,57,No,Wild Type,Jackson Labs,"It is well established that microgravity exposure causes significant muscle weakness and atrophy via muscle unloading. On Earth, muscle unloading leads to a disproportionate loss in muscle force and...",,10
OSD-488,FViv11_sol,10,Viv11,57,No,Wild Type,Jackson Labs,"It is well established that microgravity exposure causes significant muscle weakness and atrophy via muscle unloading. On Earth, muscle unloading leads to a disproportionate loss in muscle force and...",,10
OSD-488,FViv12_sol,10,Viv12,57,No,Wild Type,Jackson Labs,"It is well established that microgravity exposure causes significant muscle weakness and atrophy via muscle unloading. On Earth, muscle unloading leads to a disproportionate loss in muscle force and...",,10
OSD-488,FViv13_sol,10,Viv13,57,No,Wild Type,Jackson Labs,"It is well established that microgravity exposure causes significant muscle weakness and atrophy via muscle unloading. On Earth, muscle unloading leads to a disproportionate loss in muscle force and...",,10
OSD-488,FViv14_sol,10,Viv14,57,No,Wild Type,Jackson Labs,"It is well established that microgravity exposure causes significant muscle weakness and atrophy via muscle unloading. On Earth, muscle unloading leads to a disproportionate loss in muscle force and...",,10
OSD-488,FViv15_sol,10,Viv15,57,No,Wild Type,Jackson Labs,"It is well established that microgravity exposure causes significant muscle weakness and atrophy via muscle unloading. On Earth, muscle unloading leads to a disproportionate loss in muscle force and...",,10
OSD-488,FViv16_sol,10,Viv16,57,No,Wild Type,Jackson Labs,"It is well established that microgravity exposure causes significant muscle weakness and atrophy via muscle unloading. On Earth, muscle unloading leads to a disproportionate loss in muscle force and...",,10
OSD-488,CC13_sol,10,CC13,57,No,Wild Type,Jackson Labs,"It is well established that microgravity exposure causes significant muscle weakness and atrophy via muscle unloading. On Earth, muscle unloading leads to a disproportionate loss in muscle force and...",,10
OSD-488,CC14_sol,10,CC14,57,No,Wild Type,Jackson Labs,"It is well established that microgravity exposure causes significant muscle weakness and atrophy via muscle unloading. On Earth, muscle unloading leads to a disproportionate loss in muscle force and...",,10
OSD-488,CC15_sol,10,CC15,57,No,Wild Type,Jackson Labs,"It is well established that microgravity exposure causes significant muscle weakness and atrophy via muscle unloading. On Earth, muscle unloading leads to a disproportionate loss in muscle force and...",,10
OSD-488,CC17_sol,10,CC17,57,No,Wild Type,Jackson Labs,"It is well established that microgravity exposure causes significant muscle weakness and atrophy via muscle unloading. On Earth, muscle unloading leads to a disproportionate loss in muscle force and...",,10
OSD-488,CC18_sol,10,CC18,57,No,Wild Type,Jackson Labs,"It is well established that microgravity exposure causes significant muscle weakness and atrophy via muscle unloading. On Earth, muscle unloading leads to a disproportionate loss in muscle force and...",,10
OSD-488,CC19_sol,10,CC19,57,No,Wild Type,Jackson Labs,"It is well established that microgravity exposure causes significant muscle weakness and atrophy via muscle unloading. On Earth, muscle unloading leads to a disproportionate loss in muscle force and...",,10
OSD-488,FViv12_ta,10,Viv12,57,No,Wild Type,Jackson Labs,"It is well established that microgravity exposure causes significant muscle weakness and atrophy via muscle unloading. On Earth, muscle unloading leads to a disproportionate loss in muscle force and...",,10
OSD-488,FViv13_ta,10,Viv13,57,No,Wild Type,Jackson Labs,"It is well established that microgravity exposure causes significant muscle weakness and atrophy via muscle unloading. On Earth, muscle unloading leads to a disproportionate loss in muscle force and...",,10
OSD-488,FViv14_ta,10,Viv14,57,No,Wild Type,Jackson Labs,"It is well established that microgravity exposure causes significant muscle weakness and atrophy via muscle unloading. On Earth, muscle unloading leads to a disproportionate loss in muscle force and...",,10
OSD-488,FViv15_ta,10,Viv15,57,No,Wild Type,Jackson Labs,"It is well established that microgravity exposure causes significant muscle weakness and atrophy via muscle unloading. On Earth, muscle unloading leads to a disproportionate loss in muscle force and...",,10
OSD-488,CC11_ta,10,CC11,57,No,Wild Type,Jackson Labs,"It is well established that microgravity exposure causes significant muscle weakness and atrophy via muscle unloading. On Earth, muscle unloading leads to a disproportionate loss in muscle force and...",,10
OSD-488,CC12_ta,10,CC12,57,No,Wild Type,Jackson Labs,"It is well established that microgravity exposure causes significant muscle weakness and atrophy via muscle unloading. On Earth, muscle unloading leads to a disproportionate loss in muscle force and...",,10
OSD-488,CC13_ta,10,CC13,57,No,Wild Type,Jackson Labs,"It is well established that microgravity exposure causes significant muscle weakness and atrophy via muscle unloading. On Earth, muscle unloading leads to a disproportionate loss in muscle force and...",,10
OSD-488,CC15_ta,10,CC15,57,No,Wild Type,Jackson Labs,"It is well established that microgravity exposure causes significant muscle weakness and atrophy via muscle unloading. On Earth, muscle unloading leads to a disproportionate loss in muscle force and...",,10
OSD-488,CC16_ta,10,CC16,57,No,Wild Type,Jackson Labs,"It is well established that microgravity exposure causes significant muscle weakness and atrophy via muscle unloading. On Earth, muscle unloading leads to a disproportionate loss in muscle force and...",,10
OSD-489,B1_m1_L4,16,m1,37,No,,Jackson Laboratory,Objective of this study was to further validate bone degradation in microgravity as site-specific and preferential to weight bearing bone. An objective of this study was to further understand the...,,16
OSD-489,B2_m2_L4,16,m2,37,No,,Jackson Laboratory,Objective of this study was to further validate bone degradation in microgravity as site-specific and preferential to weight bearing bone. An objective of this study was to further understand the...,,16
OSD-489,B3_m3_L4,16,m3,37,No,,Jackson Laboratory,Objective of this study was to further validate bone degradation in microgravity as site-specific and preferential to weight bearing bone. An objective of this study was to further understand the...,,16
OSD-489,B4_m4_L4,16,m4,37,No,,Jackson Laboratory,Objective of this study was to further validate bone degradation in microgravity as site-specific and preferential to weight bearing bone. An objective of this study was to further understand the...,,16
OSD-489,B5_m5_L4,16,m5,37,No,,Jackson Laboratory,Objective of this study was to further validate bone degradation in microgravity as site-specific and preferential to weight bearing bone. An objective of this study was to further understand the...,,16
OSD-489,B6_m6_L4,16,m6,37,No,,Jackson Laboratory,Objective of this study was to further validate bone degradation in microgravity as site-specific and preferential to weight bearing bone. An objective of this study was to further understand the...,,16
OSD-489,B7_m7_L4,16,m7,37,No,,Jackson Laboratory,Objective of this study was to further validate bone degradation in microgravity as site-specific and preferential to weight bearing bone. An objective of this study was to further understand the...,,16
OSD-489,B8_m8_L4,16,m8,37,No,,Jackson Laboratory,Objective of this study was to further validate bone degradation in microgravity as site-specific and preferential to weight bearing bone. An objective of this study was to further understand the...,,16
OSD-489,B9_m9_L4,16,m9,37,No,,Jackson Laboratory,Objective of this study was to further validate bone degradation in microgravity as site-specific and preferential to weight bearing bone. An objective of this study was to further understand the...,,16
OSD-489,B10_m10_L4,16,m10,37,No,,Jackson Laboratory,Objective of this study was to further validate bone degradation in microgravity as site-specific and preferential to weight bearing bone. An objective of this study was to further understand the...,,16
OSD-489,VIV1_m11_L4,16,m11,37,No,,Jackson Laboratory,Objective of this study was to further validate bone degradation in microgravity as site-specific and preferential to weight bearing bone. An objective of this study was to further understand the...,,16
OSD-489,VIV2_m12_L4,16,m12,37,No,,Jackson Laboratory,Objective of this study was to further validate bone degradation in microgravity as site-specific and preferential to weight bearing bone. An objective of this study was to further understand the...,,16
OSD-489,VIV3_m13_L4,16,m13,37,No,,Jackson Laboratory,Objective of this study was to further validate bone degradation in microgravity as site-specific and preferential to weight bearing bone. An objective of this study was to further understand the...,,16
OSD-489,VIV4_m14_L4,16,m14,37,No,,Jackson Laboratory,Objective of this study was to further validate bone degradation in microgravity as site-specific and preferential to weight bearing bone. An objective of this study was to further understand the...,,16
OSD-489,VIV5_m15_L4,16,m15,37,No,,Jackson Laboratory,Objective of this study was to further validate bone degradation in microgravity as site-specific and preferential to weight bearing bone. An objective of this study was to further understand the...,,16
OSD-489,VIV6_m16_L4,16,m16,37,No,,Jackson Laboratory,Objective of this study was to further validate bone degradation in microgravity as site-specific and preferential to weight bearing bone. An objective of this study was to further understand the...,,16
OSD-489,VIV7_m17_L4,16,m17,37,No,,Jackson Laboratory,Objective of this study was to further validate bone degradation in microgravity as site-specific and preferential to weight bearing bone. An objective of this study was to further understand the...,,16
OSD-489,VIV8_m18_L4,16,m18,37,No,,Jackson Laboratory,Objective of this study was to further validate bone degradation in microgravity as site-specific and preferential to weight bearing bone. An objective of this study was to further understand the...,,16
OSD-489,VIV9_m19_L4,16,m19,37,No,,Jackson Laboratory,Objective of this study was to further validate bone degradation in microgravity as site-specific and preferential to weight bearing bone. An objective of this study was to further understand the...,,16
OSD-489,VIV10_m20_L4,16,m20,37,No,,Jackson Laboratory,Objective of this study was to further validate bone degradation in microgravity as site-specific and preferential to weight bearing bone. An objective of this study was to further understand the...,,16
OSD-489,FLT1_m21_L4,16,m21,37,No,,Jackson Laboratory,Objective of this study was to further validate bone degradation in microgravity as site-specific and preferential to weight bearing bone. An objective of this study was to further understand the...,,16
OSD-489,FLT2_m22_L4,16,m22,37,No,,Jackson Laboratory,Objective of this study was to further validate bone degradation in microgravity as site-specific and preferential to weight bearing bone. An objective of this study was to further understand the...,,16
OSD-489,FLT3_m23_L4,16,m23,37,No,,Jackson Laboratory,Objective of this study was to further validate bone degradation in microgravity as site-specific and preferential to weight bearing bone. An objective of this study was to further understand the...,,16
OSD-489,FLT5_m25_L4,16,m25,37,No,,Jackson Laboratory,Objective of this study was to further validate bone degradation in microgravity as site-specific and preferential to weight bearing bone. An objective of this study was to further understand the...,,16
OSD-489,FLT6_m26_L4,16,m26,37,No,,Jackson Laboratory,Objective of this study was to further validate bone degradation in microgravity as site-specific and preferential to weight bearing bone. An objective of this study was to further understand the...,,16
OSD-489,FLT7_m27_L4,16,m27,37,No,,Jackson Laboratory,Objective of this study was to further validate bone degradation in microgravity as site-specific and preferential to weight bearing bone. An objective of this study was to further understand the...,,16
OSD-489,FLT9_m29_L4,16,m29,37,No,,Jackson Laboratory,Objective of this study was to further validate bone degradation in microgravity as site-specific and preferential to weight bearing bone. An objective of this study was to further understand the...,,16
OSD-489,FLT10_m30_L4,16,m30,37,No,,Jackson Laboratory,Objective of this study was to further validate bone degradation in microgravity as site-specific and preferential to weight bearing bone. An objective of this study was to further understand the...,,16
OSD-489,GC1_m31_L4,16,m31,37,No,,Jackson Laboratory,Objective of this study was to further validate bone degradation in microgravity as site-specific and preferential to weight bearing bone. An objective of this study was to further understand the...,,16
OSD-489,GC2_m32_L4,16,m32,37,No,,Jackson Laboratory,Objective of this study was to further validate bone degradation in microgravity as site-specific and preferential to weight bearing bone. An objective of this study was to further understand the...,,16
OSD-489,GC3_m33_L4,16,m33,37,No,,Jackson Laboratory,Objective of this study was to further validate bone degradation in microgravity as site-specific and preferential to weight bearing bone. An objective of this study was to further understand the...,,16
OSD-489,GC5_m35_L4,16,m35,37,No,,Jackson Laboratory,Objective of this study was to further validate bone degradation in microgravity as site-specific and preferential to weight bearing bone. An objective of this study was to further understand the...,,16
OSD-489,GC6_m36_L4,16,m36,37,No,,Jackson Laboratory,Objective of this study was to further validate bone degradation in microgravity as site-specific and preferential to weight bearing bone. An objective of this study was to further understand the...,,16
OSD-489,GC7_m37_L4,16,m37,37,No,,Jackson Laboratory,Objective of this study was to further validate bone degradation in microgravity as site-specific and preferential to weight bearing bone. An objective of this study was to further understand the...,,16
OSD-489,GC8_m38_L4,16,m38,37,No,,Jackson Laboratory,Objective of this study was to further validate bone degradation in microgravity as site-specific and preferential to weight bearing bone. An objective of this study was to further understand the...,,16
OSD-489,GC9_m39_L4,16,m39,37,No,,Jackson Laboratory,Objective of this study was to further validate bone degradation in microgravity as site-specific and preferential to weight bearing bone. An objective of this study was to further understand the...,,16
OSD-489,GC10_m40_L4,16,m40,37,No,,Jackson Laboratory,Objective of this study was to further validate bone degradation in microgravity as site-specific and preferential to weight bearing bone. An objective of this study was to further understand the...,,16
